年,一级品类,二级品类,三级品类,品牌,商品名,商品ID,销量(件),销售额(元),均价(元)
2019,彩妆香水,面部彩妆,粉底液,雅诗兰黛 Estee Lauder,【情人节礼物】雅诗兰黛 dw持妆粉底液 保湿遮瑕 持久控油不脱妆,530542339390,638360,248960400,390
2019,彩妆香水,面部彩妆,粉底液,美宝莲 Maybelline,美宝莲fitme粉底液 轻薄滋润fit me哑光控油清透遮瑕持久隐形30ml,564446912358,1541136,190965664,123.9
2019,彩妆香水,面部彩妆,粉底液,红地球 Red Earth,【日本进口】redearth红地球粉底液草本精华遮瑕强轻薄裸妆无妆感,559145345945,1414598,182125884,128.7
2019,彩妆香水,面部彩妆,粉底液,雅诗兰黛 Estee Lauder,【情人节礼物】雅诗兰黛 新沁水粉底液 保湿 防晒遮瑕 裸妆奶油肌,42302551887,319621,156614290,490
2019,彩妆香水,面部彩妆,粉底液,完美日记 Perfect Diary,完美日记小黑盖粉底液保湿遮瑕控油持久bb霜膏女学生平价正品,556395710228,2455526,136309792,55.5
2019,彩妆香水,面部彩妆,粉底液,兰蔻 Lancome,【情人节】兰蔻新持妆粉底液30ml 持久遮瑕自然不闷痘底妆不脱妆,573487570027,315068,132328560,420
2019,彩妆香水,面部彩妆,粉底液,完美日记 Perfect Diary,完美日记磨皮小金盖粉底液持久遮瑕控油裸妆女正品不易脱妆新品,577958135564,1064119,84851968,79.7
2019,彩妆香水,面部彩妆,粉底液,珀莱雅 Proya,珀莱雅insbaha粉底液干皮油皮亲妈持久水润保湿BB遮瑕女学生平价,579685049795,955216,73062858,76.5
2019,彩妆香水,面部彩妆,粉底液,美宝莲 Maybelline,【超品预售】美宝莲fitme粉底液女遮瑕控油持久保湿哑光 油皮亲妈,578427521199,506284,60769927,120
2019,彩妆香水,面部彩妆,粉底液,魅可 M.a.c,【官方正品】MAC/魅可定制无瑕粉底液 遮瑕持久保湿化妆师专用,553809978677,188873,60439360,320
2019,彩妆香水,面部彩妆,粉底液,雅诗兰黛 Estee Lauder,雅诗兰黛 dw持妆粉底液 油皮亲妈 保湿遮瑕防晒 持久控油不脱妆,543800232086,128300,50037000,390
2019,彩妆香水,面部彩妆,粉底液,乔治阿玛尼 Armani Beauty,阿玛尼权力粉底液正品 卓越遮瑕 持久不脱妆不卡粉  轻薄服帖,564596877066,85808,49768640,580
2019,彩妆香水,面部彩妆,粉底液,红地球 Red Earth,双11预售日本进口redearth红地球养肤粉底液女学生草本精华无妆感,604041983367,364466,47674048,130.8
2019,彩妆香水,面部彩妆,粉底液,乔治阿玛尼 Armani Beauty,阿玛尼新年红气垫 轻垫精华粉底液正品 滋润丝光 轻薄自然,562227622801,107310,40777800,380
2019,彩妆香水,面部彩妆,粉底液,透蜜,透蜜粉底液持久保湿遮瑕膏水润控油裸妆bb霜女学生平价正品化妆品,579445254234,612694,39182821,64
2019,彩妆香水,面部彩妆,粉底液,欧莱雅 L'oreal,欧莱雅哑光控油24小时粉底液bb霜女持久遮瑕油皮亲妈不脱妆正品,563233800548,220349,31821087,144.4
2019,彩妆香水,面部彩妆,粉底液,芭比波朗 Bobbi Brown,【春节不打烊】BOBBI BROWN芭比波朗虫草粉底液 持久遮瑕干皮亲妈,522664014208,47465,29428300,620
2019,彩妆香水,面部彩妆,粉底液,雅诗兰黛 Estee Lauder,雅诗兰黛 全新沁水粉底液 干皮救星补水保湿 防晒遮瑕 裸妆奶油肌,576948114839,59818,29310820,490
2019,彩妆香水,面部彩妆,粉底液,兰蔻 Lancome,【情人节】兰蔻菁纯精华气垫粉底液遮瑕防晒保湿BB霜隔离刘涛同款,553616088775,41971,28052730,668.4
2019,彩妆香水,面部彩妆,粉底液,卡姿兰 Carslan,卡姿兰气垫CC霜bb霜小粉盒水雾双生防晒遮瑕保湿粉底液持久不脱妆,43853417281,130181,27490363,211.2
2019,彩妆香水,面部彩妆,粉底液,滋色 Zeesea,ZEESEA滋色轻薄水润粉底液女保湿遮瑕控油裸妆持久粉底膏bb霜,567406444345,365347,25927347,71
2019,彩妆香水,面部彩妆,粉底液,雅诗兰黛 Estee Lauder,雅诗兰黛 白金级奢宠臻采粉底液SPF15/PA+++ 补水保湿 遮瑕养肤,43047156454,28706,25261280,880
2019,彩妆香水,面部彩妆,粉底液,露华浓 Revlon,露华浓粉底液女遮瑕美白保湿24小时BB霜干油皮亲妈遮暇男学生平价,567254872004,382553,23850385,62.3
2019,彩妆香水,面部彩妆,粉底液,乔治阿玛尼 Armani Beauty,Armani/阿玛尼大师造型紧颜粉底液 高光提亮保湿遮瑕正品,599135844875,37322,23512860,630
2019,彩妆香水,面部彩妆,粉底液,海蓝之谜 Lamer,LA MER/海蓝之谜鎏光焕变气垫 粉底液女 防晒 保湿补水,589984651856,23100,23100000,1000
2019,彩妆香水,面部彩妆,粉底液,江原道 Koh Gen Do,KohGenDo江原道水漾美肌养肤粉底液 干油皮保湿提亮持久裸妆日本,553291118248,75411,22302219,295.7
2019,彩妆香水,面部彩妆,粉底液,欧莱雅 L'oreal,欧莱雅彩妆粉底液女哑光控油遮瑕bb霜底妆24小时不脱妆学生正品,558590129970,150322,21703041,144.4
2019,彩妆香水,面部彩妆,粉底液,梵贞 Venzen,【第二件0元】粉底液持久保湿遮瑕膏水润控油裸妆不易脱妆bb霜女,589551196513,1745560,21154410,12.1
2019,彩妆香水,面部彩妆,粉底液,蜜丝婷（美诗婷） Mistine,Mistine泰国24小时粉底液女遮瑕 化妆师专用持久保湿bb霜学生平价,535058236396,318675,20538387,64.4
2019,彩妆香水,面部彩妆,粉底液,兰蔻 Lancome,兰蔻新持妆轻透粉底液30ml 轻薄隔离持久遮瑕自然裸妆女 官方正品,574557840514,47107,19784940,420
2019,彩妆香水,面部彩妆,粉底液,雪花秀 Sulwhasoo,雪花秀采淡致美气垫粉底液bb霜 遮瑕保湿 隔离防晒 水嫩养肤,526251686705,49900,18266060,366.1
2019,彩妆香水,面部彩妆,粉底液,珂拉琪 Color Key,ColorKey爆水遮瑕粉底液膏气垫BB霜水粉持久保湿遮瑕提亮肤色干皮,577566973317,400463,18263734,45.6
2019,彩妆香水,面部彩妆,粉底液,初夏堂,初夏堂001粉底液遮瑕保湿持久控油轻薄透气隐形毛孔膏学生女平价,597671720759,355794,17791021,50
2019,彩妆香水,面部彩妆,粉底液,W.Lab,W.Lab超模粉底液wlab女遮瑕化妆师干油皮亲妈控油w韩国海外旗舰店,582744968055,197414,17750874,89.9
2019,彩妆香水,面部彩妆,粉底液,玛丽黛佳 Marie Dalgar,玛丽黛佳小蘑菇粉底液霜膏 保湿遮瑕持久裸妆提亮肤色学生女正品,544505244441,96207,17645823,183.4
2019,彩妆香水,面部彩妆,粉底液,圣罗兰 Yves Saint Laurent（ysl）,YSL圣罗兰恒颜无瑕粉底液25ml all hours轻透遮瑕持久哑光 新品,586441136698,29967,17380860,580
2019,彩妆香水,面部彩妆,粉底液,玫珂菲 Make Up For Ever,MAKEUPFOREVER玫珂菲全新清晰无痕粉底液 持久遮瑕自然哑光,45581915326,43800,17356093,396.3
2019,彩妆香水,面部彩妆,粉底液,美康粉黛,美康粉黛粉底乳 保湿防水控油遮瑕白皙提亮肤色粉底液妆前乳裸妆,537807923094,450861,16975322,37.7
2019,彩妆香水,面部彩妆,粉底液,美宝莲 Maybelline,美宝莲fit me粉底液女fitme保湿遮瑕亮白裸妆哑光控油官方旗舰店,565284794516,152870,16952871,110.9
2019,彩妆香水,面部彩妆,粉底液,魅可 M.a.c,【圣诞礼物】MAC/魅可限定龙纹合作款气垫遮瑕保湿持久 一盒两芯,602896527744,66972,15921868,237.7
2019,彩妆香水,面部彩妆,粉底液,珂芙缦 Covermark,【直营】日本Covermark傲丽进口中草药膏粉底霜遮瑕保湿防晒30g,553304786214,39990,14986445,374.8
2019,彩妆香水,面部彩妆,粉底液,珀兰娜 Planner,PLANNER/珀兰娜绘画粉底液女学生平价保湿遮瑕轻薄持妆粉底调和液,591622925960,161546,14934998,92.5
2019,彩妆香水,面部彩妆,粉底液,ZELENS,ZELENS养肤逆龄光泽粉底液持久保湿轻薄遮瑕奶油肌官方正品Age,586453765632,39041,14828691,379.8
2019,彩妆香水,面部彩妆,粉底液,肌肤之钥 Cle de peau beaute,【新品】CPB肌肤之钥气垫光润气垫精华水粉底BB保湿遮瑕,602279958866,28777,14551040,505.6
2019,彩妆香水,面部彩妆,粉底液,兰蔻 Lancome,【情人节】兰蔻奇迹薄纱粉底液 持久保湿BB霜干皮裸妆遮瑕底妆,43215630551,30033,14415840,480
2019,彩妆香水,面部彩妆,粉底液,安美 Amy,安美粉底液干油皮亲妈水润保湿控油持久无暇不易脱妆遮瑕BB霜网红,543020006297,274223,14332769,52.3
2019,彩妆香水,面部彩妆,粉底液,蜜丝佛陀 Maxfactor,蜜丝佛陀水感粉底霜 遮瑕膏裸妆持久保湿不易脱妆控油BB官方正品,14173931801,107793,13767492,127.7
2019,彩妆香水,面部彩妆,粉底液,猫语玫瑰,猫语玫瑰粉底液干油皮亲妈水润保湿控油持久无暇平价遮瑕BB霜学生,581382143685,172567,13297663,77.1
2019,彩妆香水,面部彩妆,粉底液,兰蔻 Lancome,兰蔻持妆粉底棒 持久遮瑕轻透裸妆自然无瑕便携不闷痘,573434218457,34719,13193220,380
2019,彩妆香水,面部彩妆,粉底液,欧莱雅 L'oreal,【油皮亲妈】欧莱雅哑光控油24小时粉底液bb霜女持久遮瑕油皮亲妈,597680284246,88421,13180416,149.1
2019,彩妆香水,面部彩妆,粉底液,雅诗兰黛 Estee Lauder,雅诗兰黛粉底液 dw持妆清透粉底液30ml 补水保湿 遮瑕控油 提亮,572969357685,32498,12674220,390
2019,彩妆香水,面部彩妆,粉底液,露华浓 Revlon,露华浓粉底液女遮瑕保湿持久BB霜干油皮亲妈学生平价官方旗舰店,599580778711,101462,12634144,124.5
2019,彩妆香水,面部彩妆,粉底液,蜜丝佛陀 Maxfactor,蜜丝佛陀烟酰胺粉底液膏控油保湿遮瑕防晒雾感裸妆不易脱持久BB女,574483628373,87765,12261780,139.7
2019,彩妆香水,面部彩妆,粉底液,兰蔻 Lancome,兰蔻菁纯臻颜精华粉底液 遮瑕隔离防晒BB霜保湿滋润底妆,542156708632,13268,12206560,920
2019,彩妆香水,面部彩妆,粉底液,橘朵 Judydoll,Judydoll橘朵粉底液保湿滋润清透遮瑕控油服帖不易脱妆学生网红款,580001391072,208161,12032169,57.8
2019,彩妆香水,面部彩妆,粉底液,江原道 Koh Gen Do,【双11预售】江原道养肤粉底液礼盒干油皮亲妈保湿持久日本,601054645676,34525,11892283,344.5
2019,彩妆香水,面部彩妆,粉底液,科维曲 Couverturemp,Couverturemp粉底液遮瑕保湿控油持久不脱妆独角兽学生bb霜cmp女,578011808360,164087,11710606,71.4
2019,彩妆香水,面部彩妆,粉底液,兰蔻 Lancome,【618】兰蔻兰蔻新空气轻垫持妆轻透粉底液 气垫粉底液,596309763449,25885,11648250,450
2019,彩妆香水,面部彩妆,粉底液,娇兰 Guerlain,【情人节】娇兰金钻修颜粉底液30mlSPF30PA+++ 遮瑕定妆 提亮,537574170700,15069,10738970,712.7
2019,彩妆香水,面部彩妆,粉底液,美宝莲 Maybelline,美宝莲fitme粉底液轻薄滋润fit me控油清透持久遮瑕液f30ml广口瓶,565703351333,83701,10546359,126
2019,彩妆香水,面部彩妆,粉底液,名言堂 Hof,HOF色彩之源 粉底液女遮瑕保湿妆前乳持久控油滋润独角兽裸妆霜膏,584613662774,161480,10369684,64.2
2019,彩妆香水,面部彩妆,粉底液,安美 Amy,安美黑金蘑菇气垫CC霜持久控油保湿粉底液膏女遮瑕bb霜网红化妆品,579582676009,135620,10236970,75.5
2019,彩妆香水,面部彩妆,粉底液,毛戈平 Maogeping,MAOGEPING/毛戈平粉底膏遮瑕膏底妆提亮肤色持久不易脱妆化妆品,592890343942,72461,9921265,136.9
2019,彩妆香水,面部彩妆,粉底液,露华浓 Revlon,Revlon露华浓粉底液遮瑕提亮保湿24小时持久不脱色bb霜正品学生,537154503873,163962,9644883,58.8
2019,彩妆香水,面部彩妆,粉底液,Dermacol,Dermacol捷克黛玛蔻遮瑕膏遮盖痘印痘痘黑眼圈纹身粉底液女小金管,44868861898,47029,9467572,201.3
2019,彩妆香水,面部彩妆,粉底液,芭比波朗 Bobbi Brown,【春节不打烊】BOBBI BROWN芭比波朗清透持妆粉底液 持久遮瑕控油,571025096553,21297,8944740,420
2019,彩妆香水,面部彩妆,粉底液,雅诗兰黛 Estee Lauder,【新品上市】雅诗兰黛气垫BB霜 沁水光润双层气垫粉底液 保湿遮瑕,579418172791,15098,8907820,590
2019,彩妆香水,面部彩妆,粉底液,玫珂菲 Make Up For Ever,MAKEUPFOREVER玫珂菲全新双用水粉霜 粉底液裸妆水润防水,45768369859,22344,8641688,386.8
2019,彩妆香水,面部彩妆,粉底液,肌肤之钥 Cle de peau beaute,【直营】日本CPB肌肤之钥进口光缎粉底霜粉底液 保湿遮瑕不脱妆,550376957329,12043,8596280,713.8
2019,彩妆香水,面部彩妆,粉底液,SUQQU,【直营】日本SUQQU进口记忆塑形奶油粉底霜 修饰肤色保湿  30g,556806714016,12164,8592469,706.4
2019,彩妆香水,面部彩妆,粉底液,珂芙缦 Covermark,COVERMARK修护粉底液30g傲丽中草粉底霜日本粉底膏防晒遮瑕膏保湿,522103304362,18375,8360625,455
2019,彩妆香水,面部彩妆,粉底液,纪梵希 Givenchy,【情人节预售】纪梵希绒雾哑光粉底液 超长持妆 轻薄自然 雾面妆,563621789873,18643,8351705,448
2019,彩妆香水,面部彩妆,粉底液,资生堂 Shiseido,【情人节】资生堂智能气垫粉底液 BB霜 保湿遮瑕 持久不脱妆,568994594076,19669,8260980,420
2019,彩妆香水,面部彩妆,粉底液,凯朵 Kate,KATE凯朵美肌隐形粉底液自然遮瑕轻薄裸妆持久保湿控油bb正品男女,585858624737,55879,8174679,146.3
2019,彩妆香水,面部彩妆,粉底液,卡姿兰 Carslan,卡姿兰粉底液女保湿遮瑕持久大瓶学生平价bb霜膏独角兽专柜正品,572723222275,87884,7788661,88.6
2019,彩妆香水,面部彩妆,粉底液,肌肤之钥 Cle de peau beaute,肌肤之钥CPB粉底 晶致润耀粉霜 遮瑕轻薄 保湿滋养,563510207800,3371,7753300,2300
2019,彩妆香水,面部彩妆,粉底液,W.Lab,wlab粉底液W.Lab女超模BB霜保湿遮瑕美白干油皮持久平价DW学生W,577719271926,89596,7633721,85.2
2019,彩妆香水,面部彩妆,粉底液,自然堂 Chando,自然堂无瑕持妆冰肌粉底液（滋润型）化妆品滋润遮瑕粉底正品学生,572742212206,67003,7509125,112.1
2019,彩妆香水,面部彩妆,粉底液,圣罗兰 Yves Saint Laurent（ysl）,YSL圣罗兰明彩粉底液 超模粉底液提亮肤色遮瑕水润透光肌 正品,563989385166,13261,7426160,560
2019,彩妆香水,面部彩妆,粉底液,RVB,RVBLAB宛若天生持久粉底液30ml控油遮瑕服帖不脱妆轻薄裸妆油皮bb,568756910303,26304,7331516,278.7
2019,彩妆香水,面部彩妆,粉底液,完美日记 Perfect Diary,完美日记深水弹干皮粉底液女遮瑕保湿持久服帖植物精华水润透亮,603216503350,65982,7185232,108.9
2019,彩妆香水,面部彩妆,粉底液,美宝莲 Maybelline,美宝莲fit me粉底液女fitme保湿遮瑕亮白裸妆控油哑光官方旗舰店,566732941046,76720,7140126,93.1
2019,彩妆香水,面部彩妆,粉底液,汤姆福特 Tom Ford,【官方正品】TOM FORD 汤姆福特沁透无痕气垫粉底液 TF光影气垫,588268961946,16072,7064360,439.5
2019,彩妆香水,面部彩妆,粉底液,资莱皙 Zilaix,资莱皙粉底液正品持久保湿遮瑕不脱妆水润控油裸妆bb霜女学生平价,590370140351,138235,6897926,49.9
2019,彩妆香水,面部彩妆,粉底液,红地球 Red Earth,【女王节预售】 日本进口 红地球草本粉底液精华遮瑕强轻薄无妆感,583286094276,47223,6780674,143.6
2019,彩妆香水,面部彩妆,粉底液,花西子 Florasis,花西子玉容雪莲养肤遮瑕粉底液女混干皮干皮亲妈轻薄水润持久高清,590370407656,35012,6669608,190.5
2019,彩妆香水,面部彩妆,粉底液,珀莱雅 Proya,珀莱雅insbaha粉底液干皮亲妈持久水润保湿BB遮瑕款新品学生平价,605493077489,82866,6620993,79.9
2019,彩妆香水,面部彩妆,粉底液,乔治阿玛尼 Armani Beauty,阿玛尼樱花粉气垫 轻垫精华粉底液 裸妆持久滋润自然 保湿提亮,574094916195,16972,6449360,380
2019,彩妆香水,面部彩妆,粉底液,柏瑞美 Pramy,PRAMY/柏瑞美粉底液遮瑕保湿持久控油水润干皮bb霜正品粉底霜,604220342696,54407,6398296,117.6
2019,彩妆香水,面部彩妆,粉底液,PT,铂金小蘑菇气垫美颜CC霜粉底液霜膏保湿遮瑕持久裸妆提亮孕妇可用,573129444112,116146,6341191,54.6
2019,彩妆香水,面部彩妆,粉底液,纪梵希 Givenchy,【新品预售】纪梵希高定恒颜持妆粉底液 持妆贴合 遮瑕水润自然,598610965168,14057,6255365,445
2019,彩妆香水,面部彩妆,粉底液,乔治阿玛尼 Armani Beauty,【正品】Armani/阿玛尼无痕持妆权力粉底遮瑕持久不脱妆,565213091144,10482,6079560,580
2019,彩妆香水,面部彩妆,粉底液,珂莱欧 Clio,中韩首发新品CLIO珂莱欧悦颜遮瑕气垫牛奶肌小金盖气垫粉底液,600599305905,37869,5868589,155
2019,彩妆香水,面部彩妆,粉底液,辛有志,辛有志正品柔雾水润粉底液遮瑕保湿持久bb霜不易脱妆cc女学生平价,595992245268,194334,5842093,30.1
2019,彩妆香水,面部彩妆,粉底液,苏秘37° Su:m37°,【情人节预售】sum37度呼吸气垫cc霜 苏秘遮瑕防晒气垫粉底液清透,568593076142,17203,5676990,330
2019,彩妆香水,面部彩妆,粉底液,露华浓 Revlon,露华浓粉底液美国Revlon女保湿遮瑕BB霜24小时持久美白官方旗舰店,570450584773,86760,5609180,64.7
2019,彩妆香水,面部彩妆,粉底液,海蓝之谜 Lamer,LA MER海蓝之谜鎏光焕变粉底液 保湿遮瑕滋润,557194250671,5515,5515000,1000
2019,彩妆香水,面部彩妆,粉底液,玫珂菲 Make Up For Ever,【双11预售】MAKEUPFOREVER玫珂菲赋活焕采粉底液 养肤紧致保湿,603338951468,12075,5428233,449.5
2019,彩妆香水,面部彩妆,粉底液,兰蔻 Lancome,兰蔻新持妆粉底液30ml持久遮瑕自然裸妆轻薄,574663189741,12615,5298300,420
2019,彩妆香水,面部彩妆,粉底液,美宝莲 Maybelline,美宝莲梦幻丝柔呼吸粉底液清爽保湿遮瑕强自然裸妆滋润不易脱妆,36128391232,37752,5074558,134.4
2019,彩妆香水,面部彩妆,粉底液,Physicians Formula,【双十二】physiciansformula 元气舒缓粉底液 30ml,607718971792,31310,4978290,159
2019,彩妆香水,面部彩妆,粉底液,谜尚 Missha,Missha谜尚气垫bb霜持久遮瑕保湿防晒cc霜控油不脱妆粉底学生平价,572069541515,51991,4875535,93.8
2019,彩妆香水,面部彩妆,粉底液,圣罗兰 Yves Saint Laurent（ysl）,YSL圣罗兰明彩亮润轻垫粉底液 超模蕾丝气垫透光肌遮瑕 正品,569274296077,9525,4857750,510
2019,彩妆香水,面部彩妆,粉底液,Physicians Formula,physiciansformula pf健康舒缓粉底液持久保湿遮瑕奶油肌干皮控油,594504057042,29510,4692090,159
2019,彩妆香水,面部彩妆,粉底液,芭比波朗 Bobbi Brown,【春节不打烊】BOBBI BROWN芭比波朗虫草精华粉底液 遮瑕干皮亲妈,557805713931,7359,4562580,620
2019,彩妆香水,面部彩妆,粉底液,兰蔻 Lancome,兰蔻菁纯精华气垫粉底液BB霜 补水保湿遮瑕养肤持久滋润自然服帖,548028890621,6505,4482450,689.1
2019,彩妆香水,面部彩妆,粉底液,ZELENS,【双11预售】ZELENS钻石养肤粉底液奶油肌保湿水润轻薄遮瑕女Age,602907885026,12015,4433535,369
2019,彩妆香水,面部彩妆,粉底液,乔治阿玛尼 Armani Beauty,阿玛尼纯净持妆粉底液正品LSUV 持久控油不脱妆 油皮必备,561838168630,7588,4401040,580
2019,彩妆香水,面部彩妆,粉底液,美宝莲 Maybelline,【屈臣氏】美宝莲fitme柔雾粉底液 轻薄保湿遮瑕持久控油多色30ml,568316972491,42236,4338294,102.7
2019,彩妆香水,面部彩妆,粉底液,圣罗兰 Yves Saint Laurent（ysl）,正品 YSL圣罗兰明彩轻垫粉底液 羽毛气垫墨水气垫哑光妆感遮瑕,565550474950,10021,4239639,423.1
2019,彩妆香水,面部彩妆,粉底液,美宝莲 Maybelline,美宝莲fitme粉底液遮瑕控油持久不脱妆保湿哑光油皮,590979054284,31507,4208997,133.6
2019,彩妆香水,面部彩妆,粉底液,妙巴黎 Bourjois,bourjois/妙巴黎果然矿物美肌粉底液30ml 保湿遮瑕控油不脱妆底妆,564793838558,30667,4167873,135.9
2019,彩妆香水,面部彩妆,粉底液,雅诗兰黛 Estee Lauder,雅诗兰黛全新沁水粉底液干皮救星 保湿防晒遮瑕奶油肌 官方正品,523288764543,8382,4107180,490
2019,彩妆香水,面部彩妆,粉底液,雅诗兰黛 Estee Lauder,【新品上市】雅诗兰黛 沁水光润双管粉底液 保湿遮瑕 持久不脱妆,582721091307,6825,4026750,590
2019,彩妆香水,面部彩妆,粉底液,PAESE,PAESE派斯沁肤粉底液女学生平价干皮亲妈水润保湿奶油肌波兰正品,591678836736,43558,3942224,90.5
2019,彩妆香水,面部彩妆,粉底液,Catrice,Catrice德国HD滴管长效遮瑕水润清透24小时不脱妆粉底液 30ml保税,568120263347,57829,3866529,66.9
2019,彩妆香水,面部彩妆,粉底液,美宝莲 Maybelline,【超品预售】美宝莲fitme粉底液fit me定制遮瑕液遮瑕膏遮瑕笔,591148607013,24195,3831601,158.4
2019,彩妆香水,面部彩妆,粉底液,肌肤之钥 Cle de peau beaute,【情人节】肌肤之钥CPB粉底 光缎粉霜 遮瑕持久不脱妆 钻光粉霜,538774158705,6244,3793200,607.5
2019,彩妆香水,面部彩妆,粉底液,圣罗兰 Yves Saint Laurent（ysl）,YSL圣罗兰妍活青春粉底液 女神粉底液逆龄轻薄遮瑕30ml 正品,563690029233,6282,3769200,600
2019,彩妆香水,面部彩妆,粉底液,美宝莲 Maybelline,美宝莲fit me粉底液控油哑光女fitme保湿遮瑕亮白裸妆官方旗舰店,569394759468,37695,3729240,98.9
2019,彩妆香水,面部彩妆,粉底液,汤姆福特 Tom Ford,【全新首发】TOM FORD 汤姆福特璀璨流光气垫粉底液 TF日光白气垫,595146485760,5352,3692880,690
2019,彩妆香水,面部彩妆,粉底液,深蓝彩妆 Bleunuit,BLEUNUIT/深蓝彩妆黑魅润泽粉底液霜膏滋润保湿遮瑕保湿正品,35324771622,19009,3621068,190.5
2019,彩妆香水,面部彩妆,粉底液,赫妍 Hera,HERA赫妍韩国黑珍珠气垫BB粉底液保湿防晒裸妆遮瑕持久正品非赫拉,544513630792,10443,3611410,345.8
2019,彩妆香水,面部彩妆,粉底液,珂拉琪 Color Key,colorkey珂拉琪空气刷养肤粉底液遮瑕控油持久不脱妆干油皮bb霜,601127327675,52389,3610460,68.9
2019,彩妆香水,面部彩妆,粉底液,CROXX,croxx云梦轻雾粉底液霜保湿遮瑕自然裸妆持久控油提亮肤色不脱妆,578511967322,36034,3592943,99.7
2019,彩妆香水,面部彩妆,粉底液,欧莱雅 L'oreal,欧莱雅红帽子24小时持妆粉底液遮瑕保湿持久轻薄控油bb霜女,608807861662,14883,3571920,240
2019,彩妆香水,面部彩妆,粉底液,珂莱欧 Clio,CLIO珂莱欧新款魔镜二代气垫bb霜网红女遮瑕持久保湿滋养粉底液2,557605787280,30465,3514507,115.4
2019,彩妆香水,面部彩妆,粉底液,真绣文 Sammi,【第二只10元】 Sammi 中国风玻璃瓶粉底液 隔离霜 限量合作款,587317566464,116687,3504411,30
2019,彩妆香水,面部彩妆,粉底液,珂莱欧 Clio,【天猫预售】CLIO珂莱欧二代安瓶铜镜精华气垫bb霜遮瑕遮瑕粉底液,523814208349,23787,3475386,146.1
2019,彩妆香水,面部彩妆,粉底液,欧莱雅 L'oreal,欧莱雅复颜提拉紧肤积雪草精华粉底液持妆遮瑕自然裸妆保湿正品,7905045388,13256,3422718,258.2
2019,彩妆香水,面部彩妆,粉底液,娇韵诗 Clarins,娇韵诗轻润无瑕气垫粉底持久不脱妆质地轻盈高倍防晒保护肌肤,582528473792,11715,3280200,280
2019,彩妆香水,面部彩妆,粉底液,兰蔻 Lancome,【直播专享】兰蔻新持妆粉底液 轻薄持妆持久遮瑕自然裸妆W,574774533066,7728,3245760,420
2019,彩妆香水,面部彩妆,粉底液,乔治阿玛尼 Armani Beauty,【官方正品】Armani/阿玛尼黑钥匙素颜霜定妆提亮修颜自然面霜,562009594426,2288,3203200,1400
2019,彩妆香水,面部彩妆,粉底液,雪花秀 Sulwhasoo,雪花秀致美润白气垫粉底液bb霜 木莲花气垫 美白防晒 遮瑕柔滑,531549467252,18755,3198550,170.5
2019,彩妆香水,面部彩妆,粉底液,Milani,Milani粉底液控油底妆持久干皮养肤水润保湿不脱妆裸妆美国正品,530532778167,28467,3082846,108.3
2019,彩妆香水,面部彩妆,粉底液,羽西 Yue-sai,羽西虫草粉底霜遮暇养肤 干皮亲妈粉底液女提亮保湿持久不易脱妆,578227298373,13049,3052711,233.9
2019,彩妆香水,面部彩妆,粉底液,玛丽黛佳 Marie Dalgar,玛丽黛佳粉底液 气垫cc霜保湿遮瑕提亮肤色小蘑菇bb粉底膏旗舰店,546630859930,26744,3035096,113.5
2019,彩妆香水,面部彩妆,粉底液,ZUZU,ZUZU凝脂臻润精华粉底液不脱妆保湿遮瑕持久裸妆提亮肤色学生女霜,585742500419,17765,2963960,166.8
2019,彩妆香水,面部彩妆,粉底液,魅力派 Wet N Wild,wet n wild湿又野裸妆轻薄提亮肤色自然持妆油皮亲爸雾面粉底液,559316990180,42178,2952331,70
2019,彩妆香水,面部彩妆,粉底液,Blank Me,BlankME小黑盒礼盒持妆气垫持久控油遮瑕防晒,602626478783,10812,2930908,271.1
2019,彩妆香水,面部彩妆,粉底液,自然堂 Chando,自然堂无瑕持妆冰肌粉底液（清爽型） 轻薄清爽滋润遮瑕粉底正品,572889517081,25834,2892231,112
2019,彩妆香水,面部彩妆,粉底液,珂芙缦 Covermark,【直营】日本Covermark傲丽进口中草药膏粉底霜遮瑕保湿防晒30g,586656520937,7508,2858876,380.8
2019,彩妆香水,面部彩妆,粉底液,美宝莲 Maybelline,美宝莲fitme粉底液 fit me轻薄滋润控油遮瑕液持久隐形毛孔旗舰店,570855441167,27954,2834364,101.4
2019,彩妆香水,面部彩妆,粉底液,卡姿兰 Carslan,卡姿兰小雾光轻薄水润粉底液保湿遮瑕控油裸妆持久不易脱妆BB霜,569150247977,32246,2804414,87
2019,彩妆香水,面部彩妆,粉底液,ZFC,ZFC粉底膏 遮瑕膏雀斑痘印粉底液霜保湿影楼化妆品旗舰店正品女,527263610038,80295,2772593,34.5
2019,彩妆香水,面部彩妆,粉底液,蜜丝婷（美诗婷） Mistine,泰国mistine粉底液女24小时遮瑕BB霜遮暇干油皮亲妈旗舰店官网,573182474323,60529,2764526,45.7
2019,彩妆香水,面部彩妆,粉底液,雪花秀 Sulwhasoo,【备用】雪花秀致美养肤气垫粉底液 采淡气垫升级版 持久遮瑕,594810023422,7135,2757995,386.5
2019,彩妆香水,面部彩妆,粉底液,魅可 M.a.c,【预售】MAC/魅可限量款樱花绽放系列 粉饼/眼影盘/气垫1盒2芯,586766434202,47078,2752363,58.5
2019,彩妆香水,面部彩妆,粉底液,妙巴黎 Bourjois,法国妙巴黎粉底液果疗果然奶油肌遮瑕持久保湿干皮官方旗舰店官网,596502902204,43880,2746600,62.6
2019,彩妆香水,面部彩妆,粉底液,ZELENS,【李佳琦直播】ZELENS钻石养肤奶油肌粉底液保湿轻薄干皮正品Age,609558916561,5240,2719560,519
2019,彩妆香水,面部彩妆,粉底液,乔治阿玛尼 Armani Beauty,阿玛尼大师造型紧颜粉底液正品 轻薄服帖 保湿滋润遮瑕 立体提亮,565242430406,4298,2707740,630
2019,彩妆香水,面部彩妆,粉底液,魅可 M.a.c,【官方正品】MAC/魅可定制水漾轻盈粉底液滴管保湿持久不易脱妆,546683600984,7107,2700660,380
2019,彩妆香水,面部彩妆,粉底液,芭比波朗 Bobbi Brown,BOBBI BROWN芭比波朗胶囊粉底气垫 补水保湿遮瑕提亮自然水光,531298041367,6255,2689650,430
2019,彩妆香水,面部彩妆,粉底液,Physicians Formula,physicians formula pf元气舒缓粉底乳液 提亮肤色妆前乳SPF20,566531165164,18890,2654092,140.5
2019,彩妆香水,面部彩妆,粉底液,玛丽黛佳 Marie Dalgar,玛丽黛佳红参小蘑菇头气垫粉底液遮瑕保湿素颜BB美颜霜旗舰店正品,548018123984,17776,2648624,149
2019,彩妆香水,面部彩妆,粉底液,蜜丝婷（美诗婷） Mistine,泰国Mistine 24小时粉底液女遮瑕化妆师专用保湿bb霜持久2支装,604435098648,24354,2630232,108
2019,彩妆香水,面部彩妆,粉底液,彩棠 Timage,【青瓷限量新品】TIMAGE彩棠粉底液遮瑕膏一体无瑕轻薄圣诞限定,609385710283,18796,2612644,139
2019,彩妆香水,面部彩妆,粉底液,稚优泉 Chioture,稚优泉粉底液 女保湿遮瑕裸妆持久学生平价提亮肤色,577549329982,42984,2597934,60.4
2019,彩妆香水,面部彩妆,粉底液,兰蔻 Lancome,兰蔻持妆无暇粉妆条 粉底棒 持久轻透 自然裸妆 高遮瑕 磨皮妆效,574557512278,6727,2556260,380
2019,彩妆香水,面部彩妆,粉底液,SUQQU,SUQQU晶采光艳粉霜记忆粉霜新版101奶油塑形滋润保湿持妆光泽遮瑕,601024425581,3037,2517673,829
2019,彩妆香水,面部彩妆,粉底液,魅力派 Wet N Wild,wet n wild湿又野自然遮瑕提亮持妆裸妆学生网红水润气垫粉底液,565291754790,34488,2496474,72.4
2019,彩妆香水,面部彩妆,粉底液,ZELENS,ZELENS青春养肤粉底液持久保湿干皮亲妈遮瑕水光肌官方正品Youth,586250232122,6610,2488837,376.5
2019,彩妆香水,面部彩妆,粉底液,欧莱雅 L'oreal,欧莱雅粉底液24小时控油持久保湿遮瑕提亮裸妆BB霜粉底膏官网正品,572057522228,22643,2485725,109.8
2019,彩妆香水,面部彩妆,粉底液,韩婵,小蘑菇气垫粉底液CC棒裸妆保湿遮瑕bb霜持久提亮肤色送美白膜学生,571309811112,249583,2474456,9.9
2019,彩妆香水,面部彩妆,粉底液,妙巴黎 Bourjois,Bourjois妙巴黎粉底果然果疗粉底液粉底霜水果疗保湿持久遮瑕美白,556718288660,39880,2467276,61.9
2019,彩妆香水,面部彩妆,粉底液,深蓝彩妆 Bleunuit,BLEUNUIT/深蓝彩妆正品感光无暇粉底膏霜保湿持久定妆控油遮瑕液,35325284934,23729,2439439,102.8
2019,彩妆香水,面部彩妆,粉底液,滋色 Zeesea,【双11新品开卖】ZEESEA毕加索恒效无瑕粉底液养肤遮瑕保湿持久,605648884653,28442,2421221,85.1
2019,彩妆香水,面部彩妆,粉底液,欧珀莱 Aupres,AUPRES/欧珀莱紧颜滋养粉底液 紧致滋润精华防晒遮瑕粉底液女底妆,589073570474,9418,2406510,255.5
2019,彩妆香水,面部彩妆,粉底液,凯朵 Kate,KATE/凯朵美妆悦现粉底液 遮瑕隔离保湿BB霜 自然肤色轻薄裸妆,41097610906,14775,2405935,162.8
2019,彩妆香水,面部彩妆,粉底液,妙巴黎 Bourjois,bourjois/妙巴黎果然美肌精华啫喱粉底液30ml 保湿遮瑕控油不脱妆,556898350976,16999,2389792,140.6
2019,彩妆香水,面部彩妆,粉底液,Catrice,CATRICE 珂萃丝 原装进口24小时HD遮瑕水润粉底液 植物提取30ml,586859169927,36872,2381501,64.6
2019,彩妆香水,面部彩妆,粉底液,玫珂菲 Make Up For Ever,MAKE UP FOR EVER/玫珂菲全新清晰无痕粉底液遮瑕水润高清 李佳琦,539744646603,6072,2380449,392
2019,彩妆香水,面部彩妆,粉底液,珀莱雅 Proya,珀莱雅粉底液遮瑕保湿持久控油水润养肤干皮油皮亲妈女官方旗舰店,598153823848,31715,2377564,75
2019,彩妆香水,面部彩妆,粉底液,玫珂菲 Make Up For Ever,【直营】法国MAKE UP FOR EVER玫珂菲进口双用水粉霜裸妆粉底液,556965532788,6643,2300593,346.3
2019,彩妆香水,面部彩妆,粉底液,植村秀 Shu-uemura,植村秀花瓣雾光粉底液油皮自然雾面裸妆持久遮瑕轻薄隐匿毛孔,558222649652,5403,2269260,420
2019,彩妆香水,面部彩妆,粉底液,欧莱雅 L'oreal,欧莱雅奇焕光采粉底液女遮瑕不卡纹保湿水润提亮肤色持久自然正品,582243930916,9524,2268192,238.2
2019,彩妆香水,面部彩妆,粉底液,透真,透真粉底液保湿遮瑕提亮独角兽bb霜膏女持久控油化妆师专用品cc霜,575981606721,28921,2258001,78.1
2019,彩妆香水,面部彩妆,粉底液,珀兰娜 Planner,PLANNER/珀兰娜绘画粉底液女学生平价保湿遮瑕轻薄粉底调和液,601386772577,23942,2238756,93.5
2019,彩妆香水,面部彩妆,粉底液,Anastasia Beverly Hills,anastasia美国ABH光感粉底液柔焦雾感超长持妆轻盈哑光自然不闷痘,600050802421,6970,2228548,319.7
2019,彩妆香水,面部彩妆,粉底液,悦诗风吟 Innisfree,innisfree/悦诗风吟悦享随心定制粉底液 justin推荐 N2.3轻薄服帖,574933761209,11817,2221596,188
2019,彩妆香水,面部彩妆,粉底液,美茜儿 Maycheer,化妆师专用粉底液女遮瑕干皮大瓶学生平价混油皮bb霜提亮肤色持久,587365400098,58439,2204469,37.7
2019,彩妆香水,面部彩妆,粉底液,L.A.GIRL,L.A. GIRL洛杉矶女孩粉底液保湿遮瑕控油裸妆la lagirl女学生平价,570205162010,32116,2183925,68
2019,彩妆香水,面部彩妆,粉底液,Blank Me,BlankME小银盒礼盒套装精华气垫粉底液防晒雾面,603178495201,8053,2161457,268.4
2019,彩妆香水,面部彩妆,粉底液,圣罗兰 Yves Saint Laurent（ysl）,YSL圣罗兰明彩无瑕粉底液 墨水粉底遮瑕不脱妆轻薄雾面哑光 正品,564990526371,3627,2067390,570
2019,彩妆香水,面部彩妆,粉底液,花迷 Hanamino,花迷小沙漏粉底液时光逆颜油皮亲妈持久滋润干皮遮瑕强奶油肌提亮,579013481288,8672,2059000,237.4
2019,彩妆香水,面部彩妆,粉底液,安美 Amy,Amy/安美金盖粉底霜 养肤粉底液遮瑕保湿持久控油裸妆bb霜女学生,596253857653,43665,2027931,46.4
2019,彩妆香水,面部彩妆,粉底液,娇兰 Guerlain,[官方正品]娇兰金钻修颜粉底液女干皮遮瑕保湿水润持久不易脱妆,538687372204,2837,2014270,710
2019,彩妆香水,面部彩妆,粉底液,Nico,Nico粉底液女干皮油皮亲妈持久水润保湿BB霜粉底控油遮瑕学生平价,562463367696,122636,1989111,16.2
2019,彩妆香水,面部彩妆,粉底液,科维曲 Couverturemp,Couverturemp科维曲养肤粉底液持妆保湿逆龄敏感肌沁水不脱妆裸妆,604092314709,19515,1984929,101.7
2019,彩妆香水,面部彩妆,粉底液,露华浓 Revlon,美国Revlon/露华浓粉底液遮瑕24小时美白保湿持久bb霜裸妆女正品,582237744077,30202,1981323,65.6
2019,彩妆香水,面部彩妆,粉底液,女优肌 Madre:x,Ex:beaute女优肌视觉系高清遮瑕滋润粉底液30g日本进口,556334734003,6883,1969636,286.2
2019,彩妆香水,面部彩妆,粉底液,蜜丝佛陀 Maxfactor,蜜丝佛陀三合一粉底液膏妆前乳隔离防晒持久遮瑕裸妆轻薄保湿正品,44245002617,17896,1958452,109.4
2019,彩妆香水,面部彩妆,粉底液,迪奥 美妆 Dior,【顺丰包邮】Dior/迪奥凝脂恒久气垫粉底15g保湿裸妆遮瑕透气亮肤,557248157283,4541,1948481,429.1
2019,彩妆香水,面部彩妆,粉底液,蜜丝佛陀 Maxfactor,美国MaxFactor蜜丝佛陀进口水漾触感粉底霜粉底液膏保湿遮瑕,557064701938,28265,1943636,68.8
2019,彩妆香水,面部彩妆,粉底液,资生堂 Shiseido,【超品预售】资生堂随肌应变光透粉底液 遮瑕 水润轻薄 光感通透,590074253014,4587,1926540,420
2019,彩妆香水,面部彩妆,粉底液,玫珂菲 Make Up For Ever,MAKEUPFOREVER玫珂菲双效气垫粉底霜 防晒补水遮瑕提亮滋润,564756276251,5174,1916510,370.4
2019,彩妆香水,面部彩妆,粉底液,RMK,【直营】日本RMK进口水凝粉底液/霜 SPF14 白皙保湿遮 30g新版,548460686077,6428,1890409,294.1
2019,彩妆香水,面部彩妆,粉底液,珂芙缦 Covermark,COVERMARK中草粉底霜20g修护遮瑕粉底膏 日本养肤粉底液防晒裸妆,523962985022,5471,1887495,345
2019,彩妆香水,面部彩妆,粉底液,艾诺碧 Iope,iope气垫bb霜女亦博cc韩国lope遮瑕保湿持久ipoe干皮补妆水润防晒,537873542772,11109,1857833,167.2
2019,彩妆香水,面部彩妆,粉底液,资生堂 Shiseido,日本Shiseido资生堂完美意境粉底液霜奶油肌持久遮瑕提亮轻薄隔离,574441718366,21533,1857126,86.2
2019,彩妆香水,面部彩妆,粉底液,兰蔻 Lancome,兰蔻奇迹薄纱粉底液30ml 自然持久 隔离遮瑕 保湿BB霜 干皮挚爱,552715744475,3846,1846080,480
2019,彩妆香水,面部彩妆,粉底液,蜜丝佛陀 Maxfactor,【十月】蜜丝佛陀水感粉底霜 遮瑕膏裸妆持久保湿不易脱妆控油BB,557415756147,14623,1826087,124.9
2019,彩妆香水,面部彩妆,粉底液,W.Lab,[双11]wlab超模粉底液W.Lab遮瑕保湿持久BB霜w干油皮亲妈控油,603950894813,20435,1818715,89
2019,彩妆香水,面部彩妆,粉底液,SUQQU,【直营】日本SUQQU进口记忆塑形奶油粉底霜 修饰肤色保湿  30g,587007222436,2590,1791058,691.5
2019,彩妆香水,面部彩妆,粉底液,娜斯 Nars,【618狂欢】NARS水凝光润气垫粉饼 保湿遮瑕裸妆轻薄不易脱妆,593878311092,3703,1777440,480
2019,彩妆香水,面部彩妆,粉底液,RMK,RMK丝薄粉底液30ml日本经典绢丝矮方瓶保湿清爽素颜自然光泽,599989508420,4641,1758939,379
2019,彩妆香水,面部彩妆,粉底液,韩粉世家 Hiface,HIFACE韩粉世家干皮亲妈小黑帽虫草粉底液女保湿遮瑕不脱妆正品,575607837685,19753,1747175,88.5
2019,彩妆香水,面部彩妆,粉底液,圣罗兰 Yves Saint Laurent（ysl）,新品 YSL圣罗兰恒颜无瑕粉底液25ml all hours轻透遮瑕持久哑光,586948996076,3003,1741740,580
2019,彩妆香水,面部彩妆,粉底液,RMK,正品日本RMK粉底液水凝丝薄粉底霜保湿遮瑕控油隔离方瓶30g/30ml,583716071452,5942,1717956,289.1
2019,彩妆香水,面部彩妆,粉底液,纪梵希 Givenchy,【情人节】纪梵希恒颜清透粉底液 柔焦美颜 无瑕透亮 遮瑕 正品,563530560832,3610,1711690,474.2
2019,彩妆香水,面部彩妆,粉底液,玫珂菲 Make Up For Ever,【直营】法国MAKE UP FOR EVER玫珂菲进口全新清晰无痕粉底液30ml,557163471387,6024,1711259,284.1
2019,彩妆香水,面部彩妆,粉底液,张大奕 Big Eve,BIGEVE张大奕沁润柔光精华粉底液养肤小胖丁遮瑕提亮水润保湿,603743124535,17723,1707924,96.4
2019,彩妆香水,面部彩妆,粉底液,蜜丝婷（美诗婷） Mistine,泰国Mistine24小时粉底液化妆品 保湿遮瑕 控油油皮 蜜丝婷正品女,573699464154,33797,1706251,50.5
2019,彩妆香水,面部彩妆,粉底液,露华浓 Revlon,Revlon/露华浓24小时不脱色粉底液保湿遮瑕美白光感持久控油美国,546746740860,32576,1702064,52.2
2019,彩妆香水,面部彩妆,粉底液,卡姿兰 Carslan,卡姿兰微雾光持妆粉底液 混油皮保湿遮瑕不脱妆女bb霜隔离持久,590765878414,13710,1690460,123.3
2019,彩妆香水,面部彩妆,粉底液,爱敬 爱纪二十之 Aekyung Age 20's,韩国爱敬气垫 age 20s气垫bb霜精华粉底水粉霜保湿水润遮瑕服帖,571153236591,8298,1660109,200.1
2019,彩妆香水,面部彩妆,粉底液,Fenty Beauty By Rihanna,FENTYBEAUTY蕾哈娜滤镜大师水盈裸肌粉底液32ml,599503618505,4741,1602458,338
2019,彩妆香水,面部彩妆,粉底液,海蓝之谜 Lamer,LA MER海蓝之谜鎏光焕变气垫粉底液女防晒保湿补水,592937991258,1599,1599000,1000
2019,彩妆香水,面部彩妆,粉底液,兰蔻 Lancome,兰蔻菁纯臻颜精华粉底液30ml 持久控油养肤 隔离遮瑕 官方正品,585259823344,1738,1598960,920
2019,彩妆香水,面部彩妆,粉底液,土家硒泥坊,土家硒泥坊粉底液膏乳正品学生持久保湿遮瑕裸妆控油不易脱妆bb霜,564702061531,21710,1579496,72.8
2019,彩妆香水,面部彩妆,粉底液,荣颜,完美玻璃瓶粉底液 隔离霜 遮瑕保湿 提亮肤色 持久控油不脱妆,597042293003,4232,1547700,365.7
2019,彩妆香水,面部彩妆,粉底液,露华浓 Revlon,双11预售 Revlon露华浓粉底液套装24h小时不脱色遮瑕持久彩妆底妆,605930706588,11917,1537293,129
2019,彩妆香水,面部彩妆,粉底液,毛戈平 Maogeping,毛戈平无痕粉膏深海冒险限定款遮暇液提亮防水女学生平价赠粉扑,595070030448,10640,1525580,143.4
2019,彩妆香水,面部彩妆,粉底液,肌肤之钥 Cle de peau beaute,肌肤之钥CPB粉底 光缎粉底液30ml 保湿遮瑕防晒裸妆持久修饰肤色,533105188452,1553,1521940,980
2019,彩妆香水,面部彩妆,粉底液,乔治阿玛尼 Armani Beauty,【正品】Armani/阿玛尼凝采轻垫精华粉底液气垫轻薄保湿,575418649721,3991,1516580,380
2019,彩妆香水,面部彩妆,粉底液,珂莱欧 Clio,Clio珂莱欧官方旗舰店无瑕魔力凝脂水光肌气垫女遮瑕官方正品,578618842694,9492,1493336,157.3
2019,彩妆香水,面部彩妆,粉底液,珀莱雅 Proya,珀莱雅素颜霜春夏学生遮瑕裸妆提亮肤色补水保湿懒人面霜女正品,556795091345,32247,1492072,46.3
2019,彩妆香水,面部彩妆,粉底液,唇骑士 Liphop,liphop粉底液持久保湿遮瑕膏控油裸妆不易脱妆独角兽bb霜女士正品,587422080739,69516,1489087,21.4
2019,彩妆香水,面部彩妆,粉底液,资生堂 Shiseido,日本Shiseido资生堂完美意境粉底液霜25g持久遮瑕轻薄隔离提亮,568387084574,14007,1488230,106.2
2019,彩妆香水,面部彩妆,粉底液,蜜丝婷（美诗婷） Mistine,泰国mistine粉底液24小时女学生平价BB正品持久遮瑕干皮亲妈补水,591442200983,19063,1469467,77.1
2019,彩妆香水,面部彩妆,粉底液,蜜丝佛陀 Maxfactor,11.11预售蜜丝佛陀烟酰胺粉底液膏控油保湿遮瑕雾感裸妆,578091708248,13099,1459203,111.4
2019,彩妆香水,面部彩妆,粉底液,美康粉黛,美康粉黛白檀丝雾粉底液 持久不易脱妆保湿滋润防水遮瑕妆前乳,559274642739,31510,1438412,45.6
2019,彩妆香水,面部彩妆,粉底液,ZFC,ZFC名师水感亲肤粉底膏 遮瑕膏控油不易脱妆粉底液保湿彩妆,555896237530,10934,1434928,131.2
2019,彩妆香水,面部彩妆,粉底液,ZELENS,【双11预售】ZELENS青春焕彩粉底液干皮亲妈保湿水润水光肌Youth,602909405319,3876,1430244,369
2019,彩妆香水,面部彩妆,粉底液,兰蔻 Lancome,兰蔻新持妆气垫 新空气轻垫轻透粉底液 高遮瑕BB霜 隔离持久 服帖,598802130522,3147,1416150,450
2019,彩妆香水,面部彩妆,粉底液,玛丽黛佳 Marie Dalgar,玛丽黛佳小蘑菇气垫BB粉底液CC霜保湿遮瑕持久裸妆提亮肤色旗舰店,547711153391,12956,1401713,108.2
2019,彩妆香水,面部彩妆,粉底液,资生堂 Shiseido,资生堂心机星魅粉底液 控油持久保湿遮瑕BB霜 油皮亲妈 不易脱妆,565830108211,7492,1398746,186.7
2019,彩妆香水,面部彩妆,粉底液,蜜丝婷（美诗婷） Mistine,泰国mistine24小时粉底液BB霜遮瑕保湿控油持久女学生干油皮正品,600132385802,33867,1396778,41.2
2019,彩妆香水,面部彩妆,粉底液,PT,PT铂金雪花磁石气垫霜粉底膏水润保湿遮瑕控油裸妆素颜持久定妆,580168333477,22858,1383037,60.5
2019,彩妆香水,面部彩妆,粉底液,雅诗兰黛 Estee Lauder,【限量福利】雅诗兰黛DW持妆粉底液 油皮亲妈持久不脱妆防晒遮瑕,533950298675,3546,1382940,390
2019,彩妆香水,面部彩妆,粉底液,BELL,波兰bell粉底液贝尔自然色低敏保湿遮瑕提亮控油持久女学生正品,581240336755,16274,1376134,84.6
2019,彩妆香水,面部彩妆,粉底液,AMIIR,艾米尔粉底液保湿遮瑕强控油裸妆持久学生平价化妆师专用BB霜女,528798691944,37696,1371596,36.4
2019,彩妆香水,面部彩妆,粉底液,玫珂菲 Make Up For Ever,MAKE UP FOR EVER/玫珂菲丝绒无瑕持妆粉底霜,599130543917,3414,1347805,394.8
2019,彩妆香水,面部彩妆,粉底液,赫妍 Hera,Hera/赫妍2019黑金气垫粉底液春夏限定款遮瑕黄白皮不浮粉半哑光,602482264789,3352,1342811,400.6
2019,彩妆香水,面部彩妆,粉底液,芷轩堂,芷轩堂遮暇粉底液保湿控油提亮裸妆不易脱妆轻薄持久bb霜膏女正品,585319067930,15888,1340074,84.3
2019,彩妆香水,面部彩妆,粉底液,sensilis,sensilis臻采塑颜粉底霜保湿控油持久遮瑕防水不脱妆提亮肤色修容,552789056920,5239,1338951,255.6
2019,彩妆香水,面部彩妆,粉底液,韩后 Hanhoo,韩后粉底液女学生平价遮瑕保湿控油持久轻薄油干皮亲妈粉底液膏霜,593992055120,17713,1320886,74.6
2019,彩妆香水,面部彩妆,粉底液,ZFC,zfc柔光粉底液 遮瑕液持久保湿滋润粉底霜粉底膏 防水BB霜,5557095081,44555,1317442,29.6
2019,彩妆香水,面部彩妆,粉底液,欧莱雅 L'oreal,欧莱雅彩妆复颜提拉紧肤精华粉底液遮瑕BB霜提亮肤色淡化细纹正品,563422593629,5284,1304934,247
2019,彩妆香水,面部彩妆,粉底液,完美日记 Perfect Diary,完美日记粉底液保湿遮瑕控油裸妆不易脱妆持久独角兽bb霜膏女正品,589805375443,25689,1301781,50.7
2019,彩妆香水,面部彩妆,粉底液,欧莱雅 L'oreal,欧莱雅彩妆奇焕光采粉底液隔离保湿遮瑕不脱妆裸妆持久自然正品,572381337234,5504,1293702,235
2019,彩妆香水,面部彩妆,粉底液,雅诗兰黛 Estee Lauder,雅诗兰黛 白金级奢宠臻采粉底液SPF15/PA+++ 补水保湿 遮瑕养肤,523368402322,1448,1274240,880
2019,彩妆香水,面部彩妆,粉底液,PAESE,PAESE派斯长效持久粉底液膏控油保湿裸妆遮瑕防水防汗不脱妆波兰,580744935675,14278,1270742,89
2019,彩妆香水,面部彩妆,粉底液,透蜜,透蜜粉底液保湿遮瑕控油裸妆不易脱妆持久独角兽bb霜膏女正品,579832833581,18153,1268895,69.9
2019,彩妆香水,面部彩妆,粉底液,肌肤之钥 Cle de peau beaute,肌肤之钥CPB套装 妆前霜/乳/隔离乳+光缎粉霜 遮瑕控油 持久底妆,539322356289,981,1261820,1286.3
2019,彩妆香水,面部彩妆,粉底液,玛丽黛佳 Marie Dalgar,玛丽黛佳粉底液霜膏保湿遮瑕持久裸妆不易脱妆提亮女正品,577541128631,14464,1261793,87.2
2019,彩妆香水,面部彩妆,粉底液,完美日记 Perfect Diary,完美日记精华滴管粉底液女水润轻薄保湿遮瑕控油裸妆持久正品,575854221403,15102,1260473,83.5
2019,彩妆香水,面部彩妆,粉底液,嘉娜宝 Kanebo,Kanebo/嘉娜宝佳丽宝 Impress GRANMULA印象之美端正环采粉霜,559006261940,1036,1257742,1214
2019,彩妆香水,面部彩妆,粉底液,玫珂菲 Make Up For Ever,【双11狂欢】MAKEUPFOREVER玫珂菲黄明昊双11礼盒清晰无痕粉底液,602737012504,3182,1256890,395
2019,彩妆香水,面部彩妆,粉底液,汤姆福特 Tom Ford,【官方正品】TOM FORD 汤姆福特璀璨流光气垫粉底液 TF白气垫,606629574022,1817,1253730,690
2019,彩妆香水,面部彩妆,粉底液,蜜丝佛陀 Maxfactor,11.11预售蜜丝佛陀水感粉底液霜遮瑕膏裸妆持久保湿控油,44506391068,10869,1253511,115.3
2019,彩妆香水,面部彩妆,粉底液,美康粉黛,美康粉黛粉底乳 保湿防水控油遮瑕提亮肤粉底液妆前乳旗舰店正品,539325121752,41657,1245779,29.9
2019,彩妆香水,面部彩妆,粉底液,美宝莲 Maybelline,美宝莲fitme粉底液女 干皮油皮亲妈 保湿遮瑕防晒 持久控油不脱妆,558713040841,17528,1242654,70.9
2019,彩妆香水,面部彩妆,粉底液,爱敬 爱纪二十之 Aekyung Age 20's,韩国爱敬气垫bb霜age20s官方旗舰店粉底膏水粉霜遮瑕保湿持久控油,582677421511,7903,1234619,156.2
2019,彩妆香水,面部彩妆,粉底液,欧珀莱 Aupres,【618预售】欧珀莱紧颜滋养粉底液滋润紧致精华防晒遮瑕粉底液女,593656445424,4720,1227200,260
2019,彩妆香水,面部彩妆,粉底液,欧莱雅 L'oreal,欧莱雅粉底液bb霜女遮瑕液膏 哑光控油持久遮瑕不脱妆官方旗舰店,572058402033,10649,1226875,115.2
2019,彩妆香水,面部彩妆,粉底液,毛戈平 Maogeping,毛戈平光感柔润粉底液妆容服帖自然裸妆遮瑕滋养柔润持妆,15966844615,4748,1225620,258.1
2019,彩妆香水,面部彩妆,粉底液,花西子 Florasis,花西子玉容雪莲养肤哑光粉底液/混油皮油皮亲妈遮瑕保湿持久高清,605712387657,6081,1210119,199
2019,彩妆香水,面部彩妆,粉底液,BH,BH干皮粉底液女遮瑕控油保湿持久学生李佳琦推荐平价水润油皮亲妈,603601128872,21494,1202000,55.9
2019,彩妆香水,面部彩妆,粉底液,高姿 Cogi,高姿粉底液遮瑕保湿女学生干皮亲妈水润养肤控油皮平价底妆正品,604432455343,14886,1199614,80.6
2019,彩妆香水,面部彩妆,粉底液,露华浓 Revlon,【直营】美国Revlon露华浓进口粉底液持久无暇水润不脱色110#150#,544896225453,15393,1197778,77.8
2019,彩妆香水,面部彩妆,粉底液,蜜丝婷（美诗婷） Mistine,【直营】泰国Mistine进口24h不脱妆粉底液遮瑕持久隔离控油25ml,564585028942,21930,1196600,54.6
2019,彩妆香水,面部彩妆,粉底液,卡姿兰 Carslan,乐华七子卡姿兰轻润无瑕粉底液遮瑕保湿提亮持久不暗沉大咖粉底液,579270338595,8648,1188672,137.5
2019,彩妆香水,面部彩妆,粉底液,蝶翠诗 Dhc,DHC紧致焕肤浓密滋润粉底液SPF25PA++ 40g 保湿型遮盖暗沉提亮,42141086789,6238,1181797,189.5
2019,彩妆香水,面部彩妆,粉底液,简本色,简本色泡泡粉底液遮瑕干油皮提亮保湿持久裸妆水润控油BB霜气垫女,605250170186,12022,1178156,98
2019,彩妆香水,面部彩妆,粉底液,妙巴黎 Bourjois,法国Bourjois妙巴黎进口果疗美肌精华啫喱粉底液 保湿遮瑕 30ml,567121010925,13907,1171723,84.3
2019,彩妆香水,面部彩妆,粉底液,江原道 Koh Gen Do,日本Kohgendo江原道水漾美肌养肤裸妆粉底液30ml保湿提亮防晒轻薄,575579579560,4467,1171024,262.1
2019,彩妆香水,面部彩妆,粉底液,珂莱欧 Clio,【预售15天内发货】珂莱欧魔镜二代气垫BB霜防晒遮瑕持久粉底液,603000117322,6055,1167860,192.9
2019,彩妆香水,面部彩妆,粉底液,珀兰娜 Planner,planner/珀兰娜绘画粉底液女遮瑕持妆出色不脱妆水润轻薄干皮亲妈,609366424743,11294,1163282,103
2019,彩妆香水,面部彩妆,粉底液,印之泉 Innziqorn,印之泉粉底液保湿遮瑕防水控油裸妆不易脱妆持久提亮肤色bb霜膏女,576731892664,19278,1154752,59.9
2019,彩妆香水,面部彩妆,粉底液,毛戈平 Maogeping,毛戈平奢华鱼子无瑕气垫粉底液女  遮瑕裸妆保湿底妆化妆师专用,571551537940,3839,1147474,298.9
2019,彩妆香水,面部彩妆,粉底液,诗馨语,诗馨语粉底液持久保湿遮瑕膏水润控油裸妆bb霜女学生平价正品,606441075140,16250,1135875,69.9
2019,彩妆香水,面部彩妆,粉底液,欧莱雅 L'oreal,欧莱雅24小时粉底液恒放溢彩哑光持妆控油保湿遮瑕裸妆bb霜女正品,559551259756,11254,1126930,100.1
2019,彩妆香水,面部彩妆,粉底液,美宝莲 Maybelline,美宝莲fitme粉底液 李佳琦推荐fit me遮瑕保湿控油持久旗舰店正品,584978633142,11115,1116262,100.4
2019,彩妆香水,面部彩妆,粉底液,透真,透真泡泡粉底液遮瑕保湿持久水润控油BB水粉底气垫干皮女学生平价,600650992826,20424,1096067,53.7
2019,彩妆香水,面部彩妆,粉底液,雅妃德 Avid,AVID雅妃德沁水粉底液干皮亲妈补水持久遮瑕水润奶油肌女学生平价,591578306870,17294,1092196,63.2
2019,彩妆香水,面部彩妆,粉底液,美宝莲 Maybelline,美宝莲梦幻丝柔呼吸粉底液清爽保湿持久遮瑕强 自然裸妆bb霜 正品,535433202998,9173,1091466,119
2019,彩妆香水,面部彩妆,粉底液,珂拉琪 Color Key,ColorKey玻尿酸轻养无瑕粉底液女保湿遮瑕控油裸妆不脱妆持久BB霜,585591712947,12376,1091054,88.2
2019,彩妆香水,面部彩妆,粉底液,RMK,RMK水凝光采粉霜EX30g日本进口光泽粉底控油保湿打底持妆升级版,601896658433,2325,1090425,469
2019,彩妆香水,面部彩妆,粉底液,珂芙缦 Covermark,【直营】日本Covermark进口修护粉底霜修饰肤色软管 3色可选20g,562488309772,3964,1089050,274.7
2019,彩妆香水,面部彩妆,粉底液,玛丽黛佳 Marie Dalgar,玛丽黛佳小蘑菇头气垫bb粉底液持久保湿裸妆遮瑕正品女学生旗舰店,576599472786,7216,1075184,149
2019,彩妆香水,面部彩妆,粉底液,悠宜 Unny Club,unny粉底液女大瓶学生平价保湿遮瑕美白24小时持久控油干皮化妆师,584511360229,18223,1075157,59
2019,彩妆香水,面部彩妆,粉底液,纪梵希 Givenchy,【官方正品】纪梵希绒雾哑光粉底液 超长持妆 轻薄自然 雾面妆效,565007063446,2383,1068755,448.5
2019,彩妆香水,面部彩妆,粉底液,乔治阿玛尼 Armani Beauty,阿玛尼柔亮自然粉底液官方正品LSF 畅销经典 丝光保湿轻薄奶油肌,562194331925,1820,1055600,580
2019,彩妆香水,面部彩妆,粉底液,美宝莲 Maybelline,美宝莲fit me粉底液轻薄滋润fitme哑光控油保湿遮瑕裸妆30ML正品,569215745504,11788,1052694,89.3
2019,彩妆香水,面部彩妆,粉底液,泰芮 By Terry,BY TERRY/泰芮天鹅绒明彩无瑕粉底液35ml遮瑕保湿底妆粉霜气垫膏,601963799765,2323,1049356,451.7
2019,彩妆香水,面部彩妆,粉底液,薇蒂艾儿 Vdl,VDL璀璨持妆粉底液30ml 保湿遮瑕裸妆 官方旗舰店,553222594789,5060,1028642,203.3
2019,彩妆香水,面部彩妆,粉底液,完美日记 Perfect Diary,完美日记干皮粉底液女遮瑕保湿持久植物水精华不暗沉,604795484840,4671,1022949,219
2019,彩妆香水,面部彩妆,粉底液,芮谜 Rimmel,Rimmel芮谜倍久无瑕粉底液30ml持久不易脱色遮瑕控油保湿不脱妆膏,551115415609,10846,1019524,94
2019,彩妆香水,面部彩妆,粉底液,珀莱雅 Proya,PROYA/珀莱雅珀莱雅印彩巴哈粉底液持久遮瑕裸妆无瑕水润保湿直播,577563189337,12456,1000504,80.3
2019,彩妆香水,面部彩妆,粉底液,屈臣氏 Watsons,【屈臣氏】骨胶原矿物柔光水粉乳 保湿裸妆粉底液 新包装,526941552725,12820,999294,77.9
2019,彩妆香水,面部彩妆,粉底液,乔治阿玛尼 Armani Beauty,阿玛尼大师造型粉底乳霜 干皮保湿遮瑕提亮肤色 滋润不脱妆,562073427545,1041,988950,950
2019,彩妆香水,面部彩妆,粉底液,玛丽黛佳 Marie Dalgar,【双11预售】大牌美妆玛丽黛佳小蘑菇粉底液气垫保湿遮瑕持久裸妆,603203826472,5805,981045,169
2019,彩妆香水,面部彩妆,粉底液,潮盛雅22 Ver.22 Chosungah,chosungah/潮盛雅22蜂蜜滋养精华扭一扭粉底液保湿遮瑕裸妆亮颜霜,567641823534,3424,973299,284.3
2019,彩妆香水,面部彩妆,粉底液,悦诗风吟 Innisfree,innisfree/悦诗风吟控油提亮气垫粉凝霜控油气垫粉饼轻盈贴肤水润,552930365336,6141,970278,158
2019,彩妆香水,面部彩妆,粉底液,玛丽黛佳 Marie Dalgar,玛丽黛佳小蘑菇头气垫粉底液遮瑕强红参精华BB提亮持久旗舰店正品,547722049808,6472,967768,149.5
2019,彩妆香水,面部彩妆,粉底液,红地球 Red Earth,red earth红地球粉底液草本粉底液养肤女学生遮瑕轻薄裸妆无妆感,598381280687,8209,962050,117.2
2019,彩妆香水,面部彩妆,粉底液,Physicians Formula,physiciansformula pf元气舒缓健康粉底液 30ml,602824788697,7330,959610,130.9
2019,彩妆香水,面部彩妆,粉底液,玛丽黛佳 Marie Dalgar,玛丽黛佳小蘑菇头气垫粉底液BBCC素颜霜保湿提亮遮瑕强持久正品,549444114526,6352,948248,149.3
2019,彩妆香水,面部彩妆,粉底液,媚点 Media,日本嘉娜宝Media媚点粉底霜完美遮瑕保湿持久奶油肌粉底液防晒,590452922598,12763,946906,74.2
2019,彩妆香水,面部彩妆,粉底液,爱敬 爱纪二十之 Aekyung Age 20's,韩国爱敬气垫 age 20s气垫bb精华水粉霜补水保湿水润遮瑕粉底霜,561051410733,5957,933312,156.7
2019,彩妆香水,面部彩妆,粉底液,妙巴黎 Bourjois,bourjois/妙巴黎果疗美肌粉底液果然水果保湿持久遮瑕法国正品,558345411657,12499,930276,74.4
2019,彩妆香水,面部彩妆,粉底液,蜜丝婷（美诗婷） Mistine,【直营】泰国Mistine24小时不脱妆粉底液25ml*2瓶装 遮瑕控油,577967300136,10069,923973,91.8
2019,彩妆香水,面部彩妆,粉底液,W.Lab,wlab粉底液w.lab女混油皮干皮亲妈水润补水遮瑕控油遮暇w超模dw,588785251747,11337,923518,81.5
2019,彩妆香水,面部彩妆,粉底液,水密码 Wetcode,水密码粉底液保湿水润轻薄持久遮瑕滋润控油裸妆干油皮女学生平价,590386672591,11569,922051,79.7
2019,彩妆香水,面部彩妆,粉底液,悦诗风吟 Innisfree,innisfree/悦诗风吟悦享随心定制粉底液,575043858235,5168,921842,178.4
2019,彩妆香水,面部彩妆,粉底液,雅漾 Avene,雅漾 焕彩遮瑕粉底液30ml遮瑕自然清爽裸妆粉底液霜护肤品女,521214010223,3803,914955,240.6
2019,彩妆香水,面部彩妆,粉底液,苏秘37° Su:m37°,sum37呼吸气垫cc霜 苏秘水漾水感气垫粉底韩国气垫遮瑕防晒保湿备,583388629304,2718,914160,336.3
2019,彩妆香水,面部彩妆,粉底液,滋色 Zeesea,ZEESEA滋色粉底液持久保湿控油轻薄水润防水遮瑕膏裸妆bb霜女学生,583072754485,10621,898188,84.6
2019,彩妆香水,面部彩妆,粉底液,美康粉黛,美康粉黛百花香蜜柔雾粉底乳持久遮瑕控油保湿,600613765462,22525,893228,39.7
2019,彩妆香水,面部彩妆,粉底液,张大奕 Big Eve,BIGEVE张大奕璀璨无暇粉霜保湿清爽控油遮瑕粉底液清透裸妆奶油肌,577603276849,5710,885423,155.1
2019,彩妆香水,面部彩妆,粉底液,欧莱雅 L'oreal,【618预售】欧莱雅彩妆持色哑光粉底液保湿遮瑕裸妆持久不脱妆,577511481969,5998,876611,146.2
2019,彩妆香水,面部彩妆,粉底液,自然堂 Chando,自然堂无瑕持妆冰肌粉底液（滋润型）持久不脱妆轻薄滋润遮瑕保湿,574081229673,7625,870073,114.1
2019,彩妆香水,面部彩妆,粉底液,卡姿兰 Carslan,卡姿兰黑金气垫粉底液bb霜保湿遮瑕持久cc霜女控油底妆不脱妆学生,595826198015,7447,862439,115.8
2019,彩妆香水,面部彩妆,粉底液,W.Lab,wlab粉底液w.lab超模BB霜女保湿遮瑕美白裸妆持久学生平价DW男膏,579215477327,9681,861609,89
2019,彩妆香水,面部彩妆,粉底液,悠宜 Unny Club,韩国unnyclub智能调色粉底液女学生平价保湿遮瑕美白持久裸妆控油,577786293931,13162,858789,65.2
2019,彩妆香水,面部彩妆,粉底液,黎漾 Leoueanr,黎漾虫草滴管粉底液保湿遮瑕干皮亲妈水润24小时持久裸妆女正品,586592805687,12890,846394,65.7
2019,彩妆香水,面部彩妆,粉底液,珂芙缦 Covermark,【专享】Covermark傲丽进口中草药膏粉底霜遮瑕粉底保湿防晒 30g,603267347153,2435,837640,344
2019,彩妆香水,面部彩妆,粉底液,梵贞 Venzen,【预售】梵贞轻薄遮瑕保湿持久控油粉底液-4,604375294825,42681,837498,19.6
2019,彩妆香水,面部彩妆,粉底液,韩思黎 Hansley,粉底液遮瑕保湿干皮遮盖斑点油皮痘肌控油持久养肤持妆素颜神器女,581143710091,11735,834577,71.1
2019,彩妆香水,面部彩妆,粉底液,嘉娜宝 Kanebo,Kanebo/嘉娜宝SENSAI丝光溢彩柔润粉底霜粉底液 持久遮瑕修颜保湿,600399154133,1173,827519,705.5
2019,彩妆香水,面部彩妆,粉底液,小迷糊,小迷糊微醺粉底液VAA小魔瓶持久遮瑕持妆轻薄保湿控油皮独角兽bb,594250503624,9643,824376,85.5
2019,彩妆香水,面部彩妆,粉底液,marcheur,marcheur日本马车养肤粉底液保湿遮瑕自然服帖干油皮25g,593213385840,3363,819037,243.5
2019,彩妆香水,面部彩妆,粉底液,肌肤之钥 Cle de peau beaute,【直营】日本CPB肌肤之钥进口光缎粉底霜粉底液 保湿遮瑕不脱妆,587160359734,1113,817953,734.9
2019,彩妆香水,面部彩妆,粉底液,自然堂 Chando,自然堂雪润净透无瑕瓷肌粉底液  柔焦微哑无瑕轻薄滋润粉底液,573509357234,7256,809673,111.6
2019,彩妆香水,面部彩妆,粉底液,欧莱雅 L'oreal,欧莱雅恒放溢彩持色哑光粉底液提亮肤色正品哑光防汗控油丝滑,558540724081,7877,802480,101.9
2019,彩妆香水,面部彩妆,粉底液,自然堂 Chando,自然堂致润精华小滴管粉底液 精华养肤舒缓滋润饰底遮瑕粉底液,573092375042,5739,800999,139.6
2019,彩妆香水,面部彩妆,粉底液,汤姆福特 Tom Ford,双十一预售 TOM FORD 汤姆福特沁透无痕气垫粉底液 TF黑气垫防晒,592063098620,1849,795070,430
2019,彩妆香水,面部彩妆,粉底液,丝芙兰 Sephora,Sephora/丝芙兰修容持妆不易脱妆粉底液女保湿打底定妆遮瑕,538018770417,5440,793090,145.8
2019,彩妆香水,面部彩妆,粉底液,芭比波朗 Bobbi Brown,BOBBI BROWN芭比波朗肌肤粉底液 保湿遮瑕不脱妆不假面裸妆轻薄,520973658555,1639,786720,480
2019,彩妆香水,面部彩妆,粉底液,PAESE,波兰PAESE派斯粉底液长效持久轻薄控油保湿遮瑕提亮奶油肌裸妆,571282931830,8573,780943,91.1
2019,彩妆香水,面部彩妆,粉底液,KACH,KACH花木兰无瑕气垫粉霜粉底液遮瑕保湿持久控油女学生平价干皮,605302895700,6042,779418,129
2019,彩妆香水,面部彩妆,粉底液,乔治阿玛尼 Armani Beauty,【正品】阿玛尼纯净持妆粉底液LSUV 持久控油不脱妆 油皮必备,563739971299,1339,776620,580
2019,彩妆香水,面部彩妆,粉底液,韩熙贞 Hexze,韩熙贞粉底液女 隔离保湿遮瑕轻薄哑光控油清透提亮肤色裸妆持久,577934435200,14332,774340,54
2019,彩妆香水,面部彩妆,粉底液,兰蔻 Lancome,兰蔻持妆粉底液+气垫CC壳 持久高遮瑕自然妆感 清透水润不卡粉,575061667253,1297,768600,592.6
2019,彩妆香水,面部彩妆,粉底液,魅力派 Wet N Wild,wet n wild湿又野CC遮瑕棒轻薄裸妆提亮肤色瓷白持妆网红粉底棒,586460696134,11115,766972,69
2019,彩妆香水,面部彩妆,粉底液,AMIIR,AMIIR艾米尔粉底液女保湿遮瑕水润控油裸妆持久独角兽BB霜膏正品,574026938452,10438,765490,73.3
2019,彩妆香水,面部彩妆,粉底液,芭比波朗 Bobbi Brown,BOBBI BROWN/芭比波朗清透持妆粉底液 持久遮瑕保湿不脱妆控油,572743242990,1813,761460,420
2019,彩妆香水,面部彩妆,粉底液,凯芙兰 Kafellon,凯芙兰蜗牛原液粉底乳持久遮瑕保湿小金盖粉底液女非bb霜养肤底妆,582515686238,5788,756732,130.7
2019,彩妆香水,面部彩妆,粉底液,欧莱雅 L'oreal,欧莱雅提拉紧肤积雪草精华粉底液女独角兽沁水遮瑕官方旗舰店正品,535643250710,4225,756003,178.9
2019,彩妆香水,面部彩妆,粉底液,Addiction,ADDICTION瘾萃光护肤精华粉底液 妆感轻薄自然 遮瑕持久 上脸服帖,560517218506,2620,755149,288.2
2019,彩妆香水,面部彩妆,粉底液,兰蔻 Lancome,兰蔻气垫粉底液水润持久 轻透遮瑕防晒BB霜不卡粉 周冬雨同款,525721839355,1667,750150,450
2019,彩妆香水,面部彩妆,粉底液,ZELENS,ZELENS养肤逆龄光泽粉底液持久保湿轻薄遮瑕干皮亲妈官方正品Age,592207846364,1678,748961,446.3
2019,彩妆香水,面部彩妆,粉底液,露华浓 Revlon,Revlon/露华浓粉底液24小时持久保湿遮瑕美白控油裸妆正品美国膏,43134445863,11693,741284,63.4
2019,彩妆香水,面部彩妆,粉底液,美宝莲 Maybelline,美宝莲fitme粉底液遮瑕暇小样控油李佳琦推荐油皮学生平价旗舰店,590578872769,29772,730214,24.5
2019,彩妆香水,面部彩妆,粉底液,娜斯 Nars,【官方正品】NARS 纳斯 亮采持久粉底液控油不易脱妆轻薄无感遮瑕,586806175599,1428,728280,510
2019,彩妆香水,面部彩妆,粉底液,玫珂菲 Make Up For Ever,MAKEUPFOREVER玫珂菲全新清晰无痕粉底棒 遮瑕便携持久水润,558907835741,1829,725340,396.6
2019,彩妆香水,面部彩妆,粉底液,井田 Canmake,CANMAKE/井田棉花糖隔离霜妆前乳保湿控油打底防晒遮瑕底霜学生女,572901852578,10852,718275,66.2
2019,彩妆香水,面部彩妆,粉底液,美宝莲 Maybelline,美宝莲fitme粉底液遮瑕保湿持久定制水感控油不脱妆哑光油皮粉底,595751407349,5342,717168,134.3
2019,彩妆香水,面部彩妆,粉底液,黛珂 Cosme Decorte,【直营】日本Cosme Decorte黛珂进口AQ珍萃精颜修护粉霜贵妇粉底,561578771813,559,715616,1280.2
2019,彩妆香水,面部彩妆,粉底液,悦芙媞 Hapsode,悦芙媞粉底液女遮瑕隔离保湿控油持久cc学生平价粉底液不脱妆正品,604096762205,10303,711907,69.1
2019,彩妆香水,面部彩妆,粉底液,L.A.GIRL,L.A. GIRL洛杉矶女孩哑光粉底液遮瑕液la girl控油裸妆持久平价女,585830414196,10410,710526,68.3
2019,彩妆香水,面部彩妆,粉底液,Blank Me,Blank ME 小黑盒 防晒bb霜遮瑕保湿持久裸妆隔离 气垫粉底霜,598920942367,3159,701761,222.1
2019,彩妆香水,面部彩妆,粉底液,泰芮 By Terry,BYTERRY泰芮进口天鹅绒明采无瑕粉底液持久控油保湿遮瑕女35ml,575340720362,1427,701383,491.5
2019,彩妆香水,面部彩妆,粉底液,妙巴黎 Bourjois,妙巴黎果然粉底液果疗女学生平价保湿遮瑕干皮持久官方旗舰店官网,589376573101,10081,700862,69.5
2019,彩妆香水,面部彩妆,粉底液,缇尔泊丽 Charlotte Tilbury,CharlotteTilbury CT轻盈无瑕粉底液 新品遮瑕裸妆持久不脱妆,601083907102,1826,693880,380
2019,彩妆香水,面部彩妆,粉底液,火烈鸟 Flamingo,火烈鸟粉底液膏轻薄裸妆保湿遮瑕BB霜女学生滋润控油持久不易脱妆,577903969288,7324,686197,93.7
2019,彩妆香水,面部彩妆,粉底液,乔治阿玛尼 Armani Beauty,【正品】阿玛尼大师造型紧颜粉底液高光提亮保湿遮瑕,600683205426,1088,685440,630
2019,彩妆香水,面部彩妆,粉底液,慕斯女孩 Moxie Girlz,粉底液遮瑕保湿持久不脱妆轻薄干皮亲妈水润bb霜女学生平价正品,594264892109,69235,685427,9.9
2019,彩妆香水,面部彩妆,粉底液,爱敬 露娜 Aekyung Luna,【直营】韩国爱敬LUNA露娜进口水分精华气垫BB粉底膏 遮瑕防晒,564325272388,4522,676809,149.7
2019,彩妆香水,面部彩妆,粉底液,卡姿兰 Carslan,卡姿兰粉底液女遮瑕化妆师专用油皮亲妈控油保湿膏大瓶学生正品,572457697503,7151,674629,94.3
2019,彩妆香水,面部彩妆,粉底液,嘉利玛 Galimard,嘉利玛喷雾粉底液干皮保湿控油遮瑕轻薄裸妆持久bb霜膏女正品,581986378271,7229,673002,93.1
2019,彩妆香水,面部彩妆,粉底液,爱敬 爱纪二十之 Aekyung Age 20's,韩国爱敬age20‘s水光精华气垫BB霜粉底膏水粉霜遮瑕独角兽女正品,542858839834,4284,671929,156.8
2019,彩妆香水,面部彩妆,粉底液,three,THREE素肌陶瓷粉底液30ml植物精油保湿遮瑕美白裸妆持久官方正品,572572138103,1632,668303,409.5
2019,彩妆香水,面部彩妆,粉底液,美宝莲 Maybelline,美宝莲fitme粉底液小样fit me旅行装遮瑕控油112号色裸官方旗舰店,592536266883,9925,666583,67.2
2019,彩妆香水,面部彩妆,粉底液,Catrice,Catrice德国HD滴管长效遮瑕粉底液霜控油保湿24小时不脱妆cartice,588674038676,10354,665322,64.3
2019,彩妆香水,面部彩妆,粉底液,美康粉黛,美康粉黛粉底液 女学生平价控油持久遮瑕强干皮妆前乳 粉底乳正品,538132235404,22195,664845,30
2019,彩妆香水,面部彩妆,粉底液,魅可 M.a.c,【官方正品】MAC/魅可小奶瓶定制双用粉底液 轻薄保湿遮瑕持久,546717049986,2215,664500,300
2019,彩妆香水,面部彩妆,粉底液,毛戈平 Maogeping,【双12预售】毛戈平故宫IP鎏金焕颜气垫粉底液BB霜遮瑕隔离正品,602757408677,1927,663430,344.3
2019,彩妆香水,面部彩妆,粉底液,倩碧 Clinique,倩碧粉底液 匀净亮采粉底液 隔离遮瑕清爽控油提亮 持久不脱妆,568410465011,2246,662570,295
2019,彩妆香水,面部彩妆,粉底液,瓷妆,瓷妆粉底液精华双管双效控油防水保湿遮瑕强女官方旗舰店官网正品,534548822255,7862,661868,84.2
2019,彩妆香水,面部彩妆,粉底液,火烈鸟 Flamingo,火烈鸟光感漩涡水粉霜网红气垫BB霜保湿遮瑕轻薄裸妆肌水润粉底膏,565970642057,9141,661788,72.4
2019,彩妆香水,面部彩妆,粉底液,智美蜗牛 Rasnat,直播专享 智美焕颜早晚胶囊精华液油早补水晚修护面部精华滋养,593315087308,7874,661437,84
2019,彩妆香水,面部彩妆,粉底液,蜜丝佛陀 Maxfactor,蜜丝佛陀粉嫩持妆粉底液霜 遮瑕保湿持久控油 裸妆不脱妆正品,15246940240,4922,654344,132.9
2019,彩妆香水,面部彩妆,粉底液,Laierl Viche,抖音遮瑕隔离cc棒保湿气垫BB霜提亮肤色防水不脱妆粉底液化妆品女,581252668509,20900,650752,31.1
2019,彩妆香水,面部彩妆,粉底液,纪梵希 Givenchy,【官方正品】纪梵希匀亮皙颜粉底液 匀亮无瑕 自然妆感 轻盈妆效,563529572380,1271,649925,511.3
2019,彩妆香水,面部彩妆,粉底液,欧珀莱 Aupres,AUPRES/欧珀莱轻盈倍润气垫粉底露细腻持妆轻薄透素颜粉底液,546271069345,3850,648520,168.4
2019,彩妆香水,面部彩妆,粉底液,露华浓 Revlon,Revlon/露华浓24小时粉底液不脱色保湿遮瑕持久裸妆30ml控油正品,551298203558,10664,647554,60.7
2019,彩妆香水,面部彩妆,粉底液,稚优泉 Chioture,【送替换装】稚优泉气垫粉底霜 保湿遮瑕裸妆持久粉底膏液底妆,561199767139,8527,644122,75.5
2019,彩妆香水,面部彩妆,粉底液,美宝莲 Maybelline,美宝莲fit me粉底液女fitme遮瑕控油保湿裸妆bb官方旗舰店陈立农,566436283611,6463,644108,99.7
2019,彩妆香水,面部彩妆,粉底液,悠宜 Unny Club,UNNY粉底液女保湿遮瑕美白化妆师专用油皮亲妈控油膏大瓶学生霜,584025698084,10903,643277,59
2019,彩妆香水,面部彩妆,粉底液,乔治阿玛尼 Armani Beauty,【正品】大师造型紧颜粉底液 轻薄服帖保湿滋润 遮瑕立体提亮肤色,562160933467,1018,641340,630
2019,彩妆香水,面部彩妆,粉底液,玫珂菲 Make Up For Ever,MAKEUPFOREVER玫珂菲全新双用水粉霜 保湿裸妆防水防脱妆,545567573736,1641,640340,390.2
2019,彩妆香水,面部彩妆,粉底液,雅诗兰黛 Estee Lauder,雅诗兰黛DW持妆清透粉底液 持久不脱妆遮瑕保湿提亮自然 官方正品,573078534658,1632,636480,390
2019,彩妆香水,面部彩妆,粉底液,黛丝蔓,黛丝蔓奶油肌24小时粉底液李佳琦推荐修饰肤色保湿霜遮瑕控油持久,599542004456,5982,635580,106.2
2019,彩妆香水,面部彩妆,粉底液,资生堂 Shiseido,【年货节预售】资生堂随肌应变红气垫粉底液花瓣气垫不挑肤不脱妆,569095888131,1512,635040,420
2019,彩妆香水,面部彩妆,粉底液,爱和纯 Ahc,AHC韩国B5玻尿酸臻致水合遮瑕气垫粉底液持久官方旗舰店送替换装,584708900395,5679,632840,111.4
2019,彩妆香水,面部彩妆,粉底液,毛戈平 Maogeping,毛戈平莹透无痕懒人粉底液 干皮底妆打底裸妆柔滑,36535869081,3219,632331,196.4
2019,彩妆香水,面部彩妆,粉底液,珂莱欧 Clio,CLIO珂莱欧遮瑕粉底液持久bb霜不脱粉雾感妆容化妆师正品女,570490970267,3979,629112,158.1
2019,彩妆香水,面部彩妆,粉底液,欧菲姿 Office,欧菲姿化妆品office正品感光滋养粉底液深色白色裸妆保湿遮瑕持久,18145152136,1704,628359,368.8
2019,彩妆香水,面部彩妆,粉底液,ZFC,ZFC名师系列 润颜无痕粉底液 保湿滋润肌肤 裸妆遮瑕强,525883544349,4394,627082,142.7
2019,彩妆香水,面部彩妆,粉底液,三熹玉 3ce,【官方正品】3CE水润保湿滴管粉底液持久遮瑕控油stylenanda韩国,583397011166,3208,625560,195
2019,彩妆香水,面部彩妆,粉底液,美宝莲 Maybelline,美宝莲粉底液fit me柔雾贴合肤色底妆bb哑光隐形毛孔不油腻水润,565042419473,6689,621356,92.9
2019,彩妆香水,面部彩妆,粉底液,圣罗兰 Yves Saint Laurent（ysl）,正品 YSL圣罗兰明彩亮润轻垫粉底液 超模蕾丝气垫透光肌遮瑕,568304480778,1215,619650,510
2019,彩妆香水,面部彩妆,粉底液,欧珀莱 Aupres,AUPRES/欧珀莱轻盈倍润粉底液防晒保湿滋润素颜打底贴合自然女士,35259696414,2479,611650,246.7
2019,彩妆香水,面部彩妆,粉底液,兰瑟 Lansur,兰瑟漫时空小金盒无瑕持妆气垫粉底液霜膏遮瑕女油皮亲妈控油正品,569632295012,2403,609791,253.8
2019,彩妆香水,面部彩妆,粉底液,极密 Skinmatch,SKINMATCH/极密极密雾感气垫粉底液 保湿遮瑕持久 哑光控油底妆,571609820083,2182,608778,279
2019,彩妆香水,面部彩妆,粉底液,欧莱雅 L'oreal,欧莱雅金致臻颜奢养精华粉底液奶油肌玻色因持久不脱妆遮瑕bb霜,605879166016,1449,608580,420
2019,彩妆香水,面部彩妆,粉底液,露华浓 Revlon,Revlon露华浓粉底液24小时不脱色遮瑕持久美白保湿女干皮油皮裸妆,549421028592,10290,608122,59.1
2019,彩妆香水,面部彩妆,粉底液,百植萃 Biophytogenesis,百植萃遮瑕养肤保湿持久不脱妆BB霜服帖奶油肌粉底液敏感痘肌适用,598724561255,3852,607666,157.8
2019,彩妆香水,面部彩妆,粉底液,卡姿兰 Carslan,卡姿兰粉底液保湿遮瑕控油裸妆持久控油bb霜化妆师专用独角兽正品,572888955263,6522,606788,93
2019,彩妆香水,面部彩妆,粉底液,玛丽黛佳 Marie Dalgar,玛丽黛佳红参气垫粉底液霜遮瑕裸妆保湿持久旗舰店BB小蘑菇头正品,547867473334,4052,605268,149.4
2019,彩妆香水,面部彩妆,粉底液,瓷妆,瓷妆粉底液补水持妆保湿遮瑕膏控油皮干皮亲妈女学生平价官方正品,590937191158,8931,600105,67.2
2019,彩妆香水,面部彩妆,粉底液,妙巴黎 Bourjois,妙巴黎果然粉底液果疗控油女保湿遮瑕裸妆油皮干皮不脱妆养肤美白,584191191330,8541,598132,70
2019,彩妆香水,面部彩妆,粉底液,marcheur,【直营】日本Marcheur进口马车粉底液养肤 保湿遮瑕 25g,557466196104,2794,594128,212.6
2019,彩妆香水,面部彩妆,粉底液,妙巴黎 Bourjois,bourjois/妙巴黎果疗美肌粉底液果然水果保湿持久遮瑕法国正品,580272908827,9257,593744,64.1
2019,彩妆香水,面部彩妆,粉底液,Mu Make You Up,M&U 粉底液女学生平价 提亮遮瑕保湿持久养肤干皮强遮盖斑点cc霜,596038990852,12314,592112,48.1
2019,彩妆香水,面部彩妆,粉底液,兰可欣 Lcosin,兰可欣粉底液遮瑕水润补水干油皮亲妈控油学生平价专用少女男大瓶,571552380550,29770,588708,19.8
2019,彩妆香水,面部彩妆,粉底液,爱敬 露娜 Aekyung Luna,韩国爱敬气垫LUNA露娜水润精华爆水气垫BB粉底霜膏液BB霜遮瑕持妆,548923567449,3533,587278,166.2
2019,彩妆香水,面部彩妆,粉底液,尚惠 Suhu,SUHU/尚惠鱼子酱精华粉底液保湿遮瑕 持久控油不脱妆BB霜自然裸妆,563047018177,2612,584266,223.7
2019,彩妆香水,面部彩妆,粉底液,Blank Me,Blank ME 小银盒 防晒bb霜遮瑕保湿持久裸妆隔离 气垫粉底霜,598805194763,2210,579580,262.3
2019,彩妆香水,面部彩妆,粉底液,深蓝彩妆 Bleunuit,深蓝彩妆无瑕修颜粉底膏霜持久遮瑕保湿控油底妆化妆师专用 正品,524556820670,10420,574478,55.1
2019,彩妆香水,面部彩妆,粉底液,芭比波朗 Bobbi Brown,BOBBI BROWN芭比波朗弹润滋养光泽粉底液 遮瑕持妆保湿补水,559886187693,794,571680,720
2019,彩妆香水,面部彩妆,粉底液,莎琪丽 Sakinre,莎琪丽小蘑菇气垫bb霜粉底液保湿遮瑕定妆裸妆持久粉底液女学生,578849972329,8161,569284,69.8
2019,彩妆香水,面部彩妆,粉底液,茵芙莎 Ipsa,IPSA茵芙莎 光透恒美粉底液遮瑕保湿提亮肤色防晒光感水润控油,529684426515,1624,568400,350
2019,彩妆香水,面部彩妆,粉底液,膜膜皇后 Momo Queen,网红黑金光感遮瑕气垫cc棒 提亮肤色保湿防水粉底液女补水正品,584605127345,6704,566814,84.5
2019,彩妆香水,面部彩妆,粉底液,乔治阿玛尼 Armani Beauty,【双11预售】ARMANI/阿玛尼金色限定版红气垫持久高度遮瑕正品,603784832508,897,565110,630
2019,彩妆香水,面部彩妆,粉底液,KAKAPARK,KAKAPARK提亮液 持久保湿防水遮瑕白皙提亮肤色粉底液妆前乳裸妆,564168017158,9460,564293,59.7
2019,彩妆香水,面部彩妆,粉底液,VNC,vnc轻薄粉底液持久遮瑕水润保湿无暇干皮油皮控油bb霜女学生平价,600758749519,10374,562568,54.2
2019,彩妆香水,面部彩妆,粉底液,尚智色彩 Cyber Colors,韩国CYBER COLORS润色水滢气垫粉底CC霜15g*2调色提亮修颜水光肌,559014153730,2799,561931,200.8
2019,彩妆香水,面部彩妆,粉底液,Physicians Formula,颜九的店pf粉底液新版养肤型bb霜奶油肌控油遮瑕保湿持久干皮女,605147637984,4011,557529,139
2019,彩妆香水,面部彩妆,粉底液,自然堂 Chando,自然堂无瑕持妆冰肌粉底液女 遮瑕保湿旗舰店正品专柜（干皮亲妈,584869134671,5991,555543,92.7
2019,彩妆香水,面部彩妆,粉底液,奢·悦 S.yue,奢悦湿粉膏水润遮瑕隔离膏保湿气垫bb霜女粉底膏提亮cc霜官网正品,562949323918,3290,551414,167.6
2019,彩妆香水,面部彩妆,粉底液,透蜜,【 双11预售】透蜜隔离霜*2+粉底液*2+美妆蛋*1,604055931796,4596,551060,119.9
2019,彩妆香水,面部彩妆,粉底液,沪美,沪美蘑菇头气垫网红遮瑕保湿水光感提亮肤色气垫bb霜粉底液正品,589454040649,9875,551022,55.8
2019,彩妆香水,面部彩妆,粉底液,妙巴黎 Bourjois,【立即抢购】妙巴黎果然矿物美肌粉底液30ml保湿水润轻薄持妆遮瑕,590686541490,7526,546382,72.6
2019,彩妆香水,面部彩妆,粉底液,露华浓 Revlon,Revlon露华浓24h不脱妆粉底液持久不脱色控油遮瑕美国正品30ml,565854366545,9259,546281,59
2019,彩妆香水,面部彩妆,粉底液,雪花秀 Sulwhasoo,雪花秀致美臻妍气垫粉底液 15g含替换芯 气垫bb霜 美白防晒,564906389747,825,544500,660
2019,彩妆香水,面部彩妆,粉底液,Addiction,ADDICTION晴瘾防晒粉底液30ml SPF50 水润轻薄遮瑕 高倍防晒粉底,560579547545,1851,543691,293.7
2019,彩妆香水,面部彩妆,粉底液,自然堂 Chando,自然堂无暇持妆冰肌粉底液女滋润型正品专柜学生保湿遮瑕裸妆持久,573802072408,5083,541984,106.6
2019,彩妆香水,面部彩妆,粉底液,卡婷 Catkin,卡婷长相思粉底霜液膏持久保湿控油遮瑕裸妆轻薄不易脱妆bb女正品,583147101255,6147,538495,87.6
2019,彩妆香水,面部彩妆,粉底液,兰芝 Laneige,【官方正品】兰芝水光粉底液遮瑕保湿清爽控油 提亮肤色,16252690986,1821,537195,295
2019,彩妆香水,面部彩妆,粉底液,欧诗漫 Osm,欧诗漫气垫遮瑕保湿持久bb霜女控油不脱妆焕亮粉底液裸妆正品cc霜,580047540388,12593,535058,42.5
2019,彩妆香水,面部彩妆,粉底液,自然堂 Chando,自然堂无瑕持妆冰肌粉底液 清爽型 裸妆轻薄通透持久遮瑕不脱妆,574290031534,4621,531621,115
2019,彩妆香水,面部彩妆,粉底液,香缇卡 Chantecaille,官方正品Chantecaille香缇卡未来肌肤粉底霜30g无瑕裸妆清爽无油,572994614465,640,531200,830
2019,彩妆香水,面部彩妆,粉底液,欧莱雅 L'oreal,[双12预售]欧莱雅红帽子粉底液24小时遮瑕保湿持久轻薄控油bb霜女,608676733306,2295,527660,229.9
2019,彩妆香水,面部彩妆,粉底液,菲洛嘉 Filorga,Filorga菲洛嘉双效养肤粉底液30ml 遮瑕保湿持久持妆粉底液裸妆,590824466983,1814,527547,290.8
2019,彩妆香水,面部彩妆,粉底液,REC,REC水水精华粉底霜水炸弹保湿遮瑕二合一持久提亮肤色CCBB霜底妆,592645848908,3322,520043,156.5
2019,彩妆香水,面部彩妆,粉底液,俏美人,俏美人粉底液女遮瑕粉底膏粉底霜保湿干皮油皮亲妈化妆师专用大瓶,582882365685,7948,516125,64.9
2019,彩妆香水,面部彩妆,粉底液,透蜜,透蜜粉底液升级版强遮瑕持久不易脱妆保湿控油裸妆bb霜女学生正品,594513759437,11058,515389,46.6
2019,彩妆香水,面部彩妆,粉底液,韩后 Hanhoo,【正品直营】 中国风玻璃瓶 隔离霜 粉底液 限量合作款 孕妇可用,595494351113,1555,512994,329.9
2019,彩妆香水,面部彩妆,粉底液,莱蔻,莱蔻粉底液霜膏女干皮遮瑕强保湿控油裸妆隔离水粉bb霜湿粉男平价,36950352505,42493,512062,12.1
2019,彩妆香水,面部彩妆,粉底液,玫珂菲 Make Up For Ever,MAKE UP FOREVER/玫珂菲轻润丝绒气垫粉底霜半哑光防晒,591042998269,1292,510340,395
2019,彩妆香水,面部彩妆,粉底液,欧莱雅 L'oreal,欧莱雅彩妆复颜提拉紧肤精华粉底液遮瑕BB霜提亮肤色淡化细纹正品,597915973294,2166,507130,234.1
2019,彩妆香水,面部彩妆,粉底液,Cata.Q86/卡塔湫,Cata.Q86流光溢彩瓷光粉底液轻薄水润控油裸妆粉底膏保湿遮瑕提亮,587279513781,5096,504024,98.9
2019,彩妆香水,面部彩妆,粉底液,ZELENS,ZELENS青春养肤粉底液持久保湿干皮亲妈遮瑕水光肌官方正品Youth,592378991542,1186,503385,424.4
2019,彩妆香水,面部彩妆,粉底液,纪梵希 Givenchy,【新品预售】纪梵希高定恒颜持妆粉底液 持妆贴合 遮瑕水润自然,598031556606,1130,502850,445
2019,彩妆香水,面部彩妆,粉底液,CROXX,【新品】croxx银蚀孤品琉色持妆粉底液遮瑕控油保湿持久轻薄,609123915543,3616,502624,139
2019,彩妆香水,面部彩妆,粉底液,Blank Me,小黑盒气垫粉底霜套装 正装带替换  轻薄滋润干皮专属,606091787405,1883,501391,266.3
2019,彩妆香水,面部彩妆,粉底液,vnk,VNK粉底液 亲肤持妆 保湿遮瑕 裸妆不易脱妆控油提亮肤色 底妆,568591604002,4625,480929,104
2019,彩妆香水,面部彩妆,粉底液,稚优泉 Chioture,稚优泉裸肌焕彩粉底液 控油遮瑕持久不脱妆无瑕裸妆哑光女学生,593637686917,8444,478776,56.7
2019,彩妆香水,面部彩妆,粉底液,明艳 Meiko,明艳粉底膏遮瑕正品影楼130遮瑕膏女140痘痘强力遮盖斑点疤痕脸部,544646948219,10653,475236,44.6
2019,彩妆香水,面部彩妆,粉底液,苏菲娜 Sofina,sofina苏菲娜映美焕采控油防晒轻盈粉底液30mlSPF30遮瑕控油女,543734717608,2175,473737,217.8
2019,彩妆香水,面部彩妆,粉底液,INTEGRATE,保税直发 资生堂完美意境粉底霜25g 持久保湿控油隔离水润不卡粉,548507367682,4592,471752,102.7
2019,彩妆香水,面部彩妆,粉底液,Addiction,ADDICTION瘾耀颜水凝粉底霜30ml 保湿持久自然遮瑕,560584559733,1653,471166,285
2019,彩妆香水,面部彩妆,粉底液,芮谜 Rimmel,Rimmel芮谜保湿水润透气粉底液遮瑕控油不油腻包税,591973553335,6300,470974,74.8
2019,彩妆香水,面部彩妆,粉底液,玛丽黛佳 Marie Dalgar,玛丽黛佳九色肌有底气粉底液遮瑕保湿持久不易脱色BB霜女学生平价,596729608989,2588,468772,181.1
2019,彩妆香水,面部彩妆,粉底液,资生堂 Shiseido,保税 日本资生堂意境遮瑕美白保湿持久哑光专用粉底液/粉底膏25g,595057214699,4932,468540,95
2019,彩妆香水,面部彩妆,粉底液,雪花秀 Sulwhasoo,【备用】雪花秀致美润白气垫粉底液bb霜木莲花气垫美白防晒遮瑕,531797727174,1024,460800,450
2019,彩妆香水,面部彩妆,粉底液,欧菲姿 Office,欧菲姿office正品专柜净颜遮瑕粉底霜皙白裸妆保湿粉底膏提亮肤色,522647716273,1018,457583,449.5
2019,彩妆香水,面部彩妆,粉底液,蜜丝婷（美诗婷） Mistine,泰国mistine粉底液24小时bb霜遮瑕女学生平价持久正品干皮亲妈膏,572422330747,9046,456256,50.4
2019,彩妆香水,面部彩妆,粉底液,缇尔泊丽 Charlotte Tilbury,CharlotteTilbury CT魔法无痕粉底液 正品遮瑕防晒持久控油不脱妆,585527461912,1315,455380,346.3
2019,彩妆香水,面部彩妆,粉底液,苏贝泉,网红cc棒遮瑕保湿 油皮干皮粉底液女气垫 补水提亮肤色男士BB霜,582426300209,3329,453162,136.1
2019,彩妆香水,面部彩妆,粉底液,菲诗小铺 The Face Shop,【官方直售】The Face Shop/菲诗小铺水墨持久粉底液,608101832903,4765,450176,94.5
2019,彩妆香水,面部彩妆,粉底液,沁森,沁森粉底液持久保湿遮瑕膏水润控油独角兽裸妆bb霜美女正品化妆品,584463420533,1875,449812,239.9
2019,彩妆香水,面部彩妆,粉底液,迪奥 美妆 Dior,Dior/迪奥新款forever凝脂恒久老花纹气垫粉底液持久锁妆保湿遮瑕,608633062097,971,449449,462.9
2019,彩妆香水,面部彩妆,粉底液,ZFC,ZFC粉底膏正品 遮瑕膏雀斑痘印粉底霜粉底液保湿粉底化妆品旗舰店,547599013229,12080,449436,37.2
2019,彩妆香水,面部彩妆,粉底液,纪梵希 Givenchy,【官方正品】纪梵希恒颜粉底液 吻肤持妆  轻薄服帖自然水感正品,563529800714,874,445840,510.1
2019,彩妆香水,面部彩妆,粉底液,倩碧 Clinique,倩碧 魔妆点点棒 粉底遮瑕笔保湿 轻盈遮瑕自然裸妆 持久不脱妆,526563894466,1500,442500,295
2019,彩妆香水,面部彩妆,粉底液,珂莱欧 Clio,clio珂莱欧遮瑕气垫粉底液小黑盖bb霜气垫持久遮瑕油皮亲妈,579684881295,2616,441978,169
2019,彩妆香水,面部彩妆,粉底液,美宝莲 Maybelline,美宝莲粉底液女遮瑕梦幻丝柔呼吸粉底液持久清爽保湿遮瑕膏粉底膏,566250640620,4026,441158,109.6
2019,彩妆香水,面部彩妆,粉底液,玫珂菲 Make Up For Ever,【直营】法国MAKE UP FOR EVER玫珂菲进口全新清晰无痕粉底液30ml,587160267988,1485,440927,296.9
2019,彩妆香水,面部彩妆,粉底液,赫妍 Hera,【预售】HERA赫妍韩国黑金气垫粉底液黑气垫BB霜哑光遮瑕防晒持久,586665813522,1038,440340,424.2
2019,彩妆香水,面部彩妆,粉底液,爱敬 露娜 Aekyung Luna,韩国爱敬LUNA露娜粉底液女遮瑕控油裸妆不易脱妆独角兽持久bb霜膏,580561663817,3560,439611,123.5
2019,彩妆香水,面部彩妆,粉底液,娜斯 Nars,【官方正品】NARS丝绒雾感粉底棒 保湿遮瑕修容 油皮不脱妆便携,582637346119,1031,433020,420
2019,彩妆香水,面部彩妆,粉底液,时尚荟,时尚荟养肤沁水粉底液女保湿遮瑕控油持久bb霜膏女学生不脱妆平价,605417358269,5379,424941,79
2019,彩妆香水,面部彩妆,粉底液,乔治阿玛尼 Armani Beauty,阿玛尼新年红气垫 轻垫精华粉底液正品 滋润丝光 小黑盒正品,583663290910,1118,424840,380
2019,彩妆香水,面部彩妆,粉底液,娇兰 Guerlain,【情人节】娇兰丝柔亲肤粉底液30mlSPF20 细腻亲肤 保湿 轻盈,555272883834,840,424460,505.3
2019,彩妆香水,面部彩妆,粉底液,卡姿兰 Carslan,卡姿兰粉底液女遮瑕持久保湿控油不易脱妆bb霜妆前乳学生正品裸妆,573777109781,4430,422850,95.5
2019,彩妆香水,面部彩妆,粉底液,安美 Amy,Amy/安美恒久无瑕粉底液bb霜遮瑕裸妆强保湿不脱妆防水提亮粉底膏,583414164867,7745,421519,54.4
2019,彩妆香水,面部彩妆,粉底液,悦诗风吟 Innisfree,innisfree/悦诗风吟悦享随行气垫粉底液bb霜保湿控油遮瑕提亮持久,575096046873,1948,420059,215.6
2019,彩妆香水,面部彩妆,粉底液,美宝莲 Maybelline,美宝莲fit me粉底液控油哑光女fitme保湿遮瑕亮白裸妆官方旗舰店,588977352364,3895,419541,107.7
2019,彩妆香水,面部彩妆,粉底液,健美创研,水润粉底液女保湿遮瑕控油裸妆白皙提亮持久不易脱妆粉底膏bb霜,579385468203,60787,419430,6.9
2019,彩妆香水,面部彩妆,粉底液,蜜丝婷（美诗婷） Mistine,泰国Mistine蜜丝婷 24h粉底液女遮瑕持久保湿水润bb学生平价正品,592898354161,6422,418807,65.2
2019,彩妆香水,面部彩妆,粉底液,乔治阿玛尼 Armani Beauty,阿玛尼极缎丝柔精华粉底液正品 哑光小滴管控油裸妆,562390052530,660,415800,630
2019,彩妆香水,面部彩妆,粉底液,美宝莲 Maybelline,美宝莲fit me粉底液女FITME轻薄哑光控油遮瑕隐形毛孔官方旗舰店,575616899889,5842,415712,71.2
2019,彩妆香水,面部彩妆,粉底液,色娜娜 Senana Marina,黄金粉底液遮瑕保湿清爽控油学生平价轻薄无妆感持久不脱妆女正品,596607261973,67778,410283,6.1
2019,彩妆香水,面部彩妆,粉底液,谜尚 Missha,MISSHA谜尚亲肤粉底液膏自然滋润遮瑕裸妆学生女轻薄服帖30mlbb霜,573987799424,6001,410187,68.4
2019,彩妆香水,面部彩妆,粉底液,娇兰 Guerlain,【官方正品】娇兰金钻修颜气垫粉底液 干皮遮瑕修饰肤色全新上市,601504660285,732,409920,560
2019,彩妆香水,面部彩妆,粉底液,贝玲妃 Benefit,Benefit贝玲妃你好开心粉底液遮盖瑕疵不易脱匀亮肤色不易脱妆,576964294928,4614,409716,88.8
2020,彩妆香水,面部彩妆,粉底液,红地球 Red Earth,日本进口redearth红地球养肤粉底液草本精华遮瑕轻薄裸妆官方正品,559145345945,2358839,261706600,110.9
2020,彩妆香水,面部彩妆,粉底液,雅诗兰黛 Estee Lauder,雅诗兰黛DW持妆粉底液 油皮亲妈持久不脱妆遮瑕控油自然 肖战亲选,530542339390,584559,233963330,400.2
2020,彩妆香水,面部彩妆,粉底液,兰蔻 Lancome,兰蔻新持妆轻透粉底液30ml 隔离轻薄遮瑕持久自然不假面防水,573487570027,363062,154267950,424.9
2020,彩妆香水,面部彩妆,粉底液,珀莱雅 Proya,珀莱雅粉底液干皮油皮亲妈持久水润保湿遮瑕控油BB霜女学生平价,579685049795,1983903,138367454,69.7
2020,彩妆香水,面部彩妆,粉底液,雅诗兰黛 Estee Lauder,【情人节预售】雅诗兰黛全新沁水粉底液干皮救星保湿防晒李现推荐,42302551887,253154,125761040,496.8
2020,彩妆香水,面部彩妆,粉底液,魅可 M.a.c,【双11加购】MAC/魅可定制无瑕粉底液混合皮遮瑕保湿持久控油,553809978677,371522,118887040,320
2020,彩妆香水,面部彩妆,粉底液,美宝莲 Maybelline,美宝莲fitme粉底液女遮瑕控油持久不脱妆油皮亲妈滋润水润30ml,564446912358,1189434,114159989,96
2020,彩妆香水,面部彩妆,粉底液,乔治阿玛尼 Armani Beauty,【10.21提前加购】阿玛尼权力粉底液持久不脱妆油皮遮瑕控油正品,564596877066,149245,86684660,580.8
2020,彩妆香水,面部彩妆,粉底液,乔治阿玛尼 Armani Beauty,【10.21提前加购】阿玛尼大师造型紧颜粉底液干皮轻薄持妆遮瑕,599135844875,135104,85115520,630
2020,彩妆香水,面部彩妆,粉底液,魅可 M.a.c,【官方正品】MAC/魅可粉底液遮瑕保湿持久控油 张艺兴同款,629067515665,226763,72564160,320
2020,彩妆香水,面部彩妆,粉底液,美宝莲 Maybelline,【抢先加购】美宝莲旗舰店SuperStay巨持妆粉底液持久防水防汗,616013335516,406045,59001345,145.3
2020,彩妆香水,面部彩妆,粉底液,雅诗兰黛 Estee Lauder,雅诗兰黛DW持妆粉底液 油皮亲妈持久不脱妆遮瑕控油自然 官方正品,543800232086,144931,58225790,401.7
2020,彩妆香水,面部彩妆,粉底液,红地球 Red Earth,日本进口redearth红地球养肤粉底液草本精华持久遮瑕轻薄裸妆正品,604041983367,480132,57751650,120.3
2020,彩妆香水,面部彩妆,粉底液,植村秀 Shu-uemura,植村秀新品小方瓶羽纱持妆粉底液35ml 遮瑕不变色控油自然不假白,611288087009,136049,55780090,410
2020,彩妆香水,面部彩妆,粉底液,完美日记 Perfect Diary,完美日记小黑盖粉底液保湿遮瑕控油持久bb霜膏女学生平价正品,556395710228,799302,43436017,54.3
2020,彩妆香水,面部彩妆,粉底液,兰蔻 Lancome,兰蔻菁纯臻颜精华粉底液30ml 滋润养肤 提亮肤色,542156708632,44879,42341440,943.5
2020,彩妆香水,面部彩妆,粉底液,兰蔻 Lancome,兰蔻菁纯精华气垫粉底液 持久遮瑕 BB霜刘涛同款,553616088775,64696,41469700,641
2020,彩妆香水,面部彩妆,粉底液,乔治阿玛尼 Armani Beauty,【10.21提前加购】阿玛尼红气垫菁华粉底液遮瑕保湿持妆控油丝光,562227622801,68279,39529020,578.9
2020,彩妆香水,面部彩妆,粉底液,雅诗兰黛 Estee Lauder,【情人节预售】雅诗兰黛白金养肤粉底液神仙粉底光感细腻肖战亲选,43047156454,43878,39494000,900.1
2020,彩妆香水,面部彩妆,粉底液,娇兰 Guerlain,【过年不打烊】娇兰金钻修颜粉底液女干皮遮瑕保湿水润不易脱妆,537574170700,54202,37968328,700.5
2020,彩妆香水,面部彩妆,粉底液,欧莱雅 L'oreal,欧莱雅哑光控油24小时粉底液bb霜女持久遮瑕油皮亲妈不脱妆30ml,563233800548,274818,36951472,134.5
2020,彩妆香水,面部彩妆,粉底液,玛丽黛佳 Marie Dalgar,玛丽黛佳X卢浮宫联名限定版900目小蘑菇养肤粉底液霜膏气垫遮瑕,616213029192,201021,33127543,164.8
2020,彩妆香水,面部彩妆,粉底液,花西子 Florasis,花西子玉容养肤持妆粉底液/遮瑕保湿持久轻薄哑光雾面混油皮亲妈,624644848031,149278,31109603,208.4
2020,彩妆香水,面部彩妆,粉底液,雅诗兰黛 Estee Lauder,【官方正品】雅诗兰黛 沁水粉底液 干皮救星保湿防晒奶油肌,578763256549,61278,30639000,500
2020,彩妆香水,面部彩妆,粉底液,圣罗兰 Yves Saint Laurent（ysl）,YSL圣罗兰恒颜无瑕恒久粉底液遮瑕保湿轻薄持妆,586441136698,52211,30282380,580
2020,彩妆香水,面部彩妆,粉底液,彩棠 Timage,TIMAGE彩棠燕窝粉底液唐毅亲研遮瑕膏养肤型保湿持久混油混干挚爱,617750332175,157043,27057672,172.3
2020,彩妆香水,面部彩妆,粉底液,美宝莲 Maybelline,[天星预售]美宝莲fitme粉底液遮瑕控油持久不脱妆哑光油皮粉底,578427521199,265990,25720685,96.7
2020,彩妆香水,面部彩妆,粉底液,雅诗兰黛 Estee Lauder,雅诗兰黛沁水粉底液干皮救星 保湿防晒遮瑕奶油肌 官方正品,576948114839,47240,23516040,497.8
2020,彩妆香水,面部彩妆,粉底液,兰蔻 Lancome,兰蔻新持妆轻透粉底液30ml 轻薄隔离持久遮瑕自然裸妆,574557840514,55073,23291300,422.9
2020,彩妆香水,面部彩妆,粉底液,天使之眼 Angel Eyes,angeleyes/天使之眼持妆色粉底液哑光控油遮瑕保湿持久混合油干皮,618074150946,289663,22502938,77.7
2020,彩妆香水,面部彩妆,粉底液,完美日记 Perfect Diary,完美日记磨皮小金盖粉底液持久遮瑕控油裸妆女正品不易脱妆新品,577958135564,290446,21888072,75.4
2020,彩妆香水,面部彩妆,粉底液,芭比波朗 Bobbi Brown,BOBBI BROWN芭比波朗虫草粉底液 干皮养肤 倪妮同款 滋润细腻服帖,522664014208,35117,21772540,620
2020,彩妆香水,面部彩妆,粉底液,W.Lab,韩国wlab超模粉底液W.Lab遮瑕保湿持久控油BB霜w官方旗舰店干油皮,582744968055,272758,21260490,77.9
2020,彩妆香水,面部彩妆,粉底液,珀莱雅 Proya,珀莱雅双抗粉底液遮瑕保湿持久控油水润养肤不暗沉抗氧化奶油肌,624308801089,132372,21246520,160.5
2020,彩妆香水,面部彩妆,粉底液,乔治阿玛尼 Armani Beauty,【新品上市】阿玛尼大师造型轻垫粉底液 蓝气垫干皮遮瑕持妆水润,634213183472,30149,20802810,690
2020,彩妆香水,面部彩妆,粉底液,珀莱雅 Proya,珀莱雅insbaha粉底液干皮亲妈持久水润保湿BB遮瑕款新品学生平价,605493077489,262926,20549923,78.2
2020,彩妆香水,面部彩妆,粉底液,乔治阿玛尼 Armani Beauty,【10.21提前加购】阿玛尼黑气垫权力粉底霜遮瑕不脱妆持久油皮,611408925661,30381,20051460,660
2020,彩妆香水,面部彩妆,粉底液,雅诗兰黛 Estee Lauder,【官方正品】雅诗兰黛DW持妆粉底液 油皮亲妈持久不脱妆遮瑕控油,533950298675,46901,19153330,408.4
2020,彩妆香水,面部彩妆,粉底液,蜜丝婷（美诗婷） Mistine,泰国Mistine蜜丝婷蓝盾粉底液干油皮遮瑕持久保湿控油粉底学生女,618266495408,221067,17193591,77.8
2020,彩妆香水,面部彩妆,粉底液,雪花秀 Sulwhasoo,【抢先加购收藏】雪花秀致美养肤气垫粉底液 遮瑕隔离防晒,526251686705,48700,17117204,351.5
2020,彩妆香水,面部彩妆,粉底液,玫珂菲 Make Up For Ever,【狂欢返场】MAKEUPFOREVER玫珂菲清晰无痕粉底液不脱妆,623565405047,50055,16717672,334
2020,彩妆香水,面部彩妆,粉底液,媚黛尔,MEMEMEPRO媚黛尔时尚大师无暇粉底液 遮瑕控油持久不脱妆英国进口,626432436988,50074,16522128,330
2020,彩妆香水,面部彩妆,粉底液,卡姿兰 Carslan,卡姿兰气垫CC霜bb霜克林姆特多金水雾双生遮瑕保湿控油粉底液持久,43853417281,73646,16115771,218.8
2020,彩妆香水,面部彩妆,粉底液,橘朵 Judydoll,Judydoll橘朵小粉瓶粉底液遮瑕保湿控油持久自然无瑕清透水润旗舰,580001391072,237290,15917670,67.1
2020,彩妆香水,面部彩妆,粉底液,娇兰 Guerlain,【官方正品】娇兰金钻修颜粉底液女干皮遮瑕 水润持久不易脱妆,538687372204,22113,15694570,709.7
2020,彩妆香水,面部彩妆,粉底液,纪梵希 Givenchy,【官方正品】纪梵希高定恒颜持妆气垫粉底液 高水润  C104,627739226668,30000,15600000,520
2020,彩妆香水,面部彩妆,粉底液,红地球 Red Earth,骆王宇公益 redearth红地球粉底液养肤草本精华裸妆遮瑕官方正品,583286094276,142034,15366425,108.2
2020,彩妆香水,面部彩妆,粉底液,露华浓 Revlon,露华浓粉底液24小时持久遮瑕保湿控油干皮油皮奶油肌BB霜水润养肤,611316450470,218180,14964822,68.6
2020,彩妆香水,面部彩妆,粉底液,肌肤之钥 Cle de peau beaute,【抢先加购】肌肤之钥CPB气垫 钻光精华气垫水粉底 自然遮瑕防晒,602279958866,29736,14868000,500
2020,彩妆香水,面部彩妆,粉底液,欧莱雅 L'oreal,欧莱雅吸油棒哑光控油粉底液遮瑕油皮亲妈35ml*,619623028353,109649,14799777,135
2020,彩妆香水,面部彩妆,粉底液,SUPERFACE,韩国superface秀芭斐小黄盒粉底液遮瑕保湿持久控油养肤干油皮,611896933815,80095,14486728,180.9
2020,彩妆香水,面部彩妆,粉底液,海蓝之谜 Lamer,【21日0点开抢】LA MER海蓝之谜鎏光焕变气垫粉底液 养肤遮瑕持久,589984651856,13881,14342700,1033.3
2020,彩妆香水,面部彩妆,粉底液,卡姿兰 Carslan,卡姿兰小奶猫/小夜猫粉底液遮瑕保湿持久控油不易脱妆干油皮亲妈,608068592627,172978,14201710,82.1
2020,彩妆香水,面部彩妆,粉底液,江原道 Koh Gen Do,KohGenDo江原道限定“打光板”养肤粉底液礼盒臻享2瓶正装量轻薄,626677662339,51448,13913458,270.4
2020,彩妆香水,面部彩妆,粉底液,雅诗兰黛 Estee Lauder,雅诗兰黛白金养肤粉底液神仙粉底光感细腻服帖遮瑕,523368402322,15293,13820600,903.7
2020,彩妆香水,面部彩妆,粉底液,汤姆福特 Tom Ford,【新品上市】TOM FORD汤姆福特无痕粉底液 TF丝雾圆管 清透持久,625594830189,19513,13659100,700
2020,彩妆香水,面部彩妆,粉底液,梵贞 Venzen,2瓶丨粉底液遮瑕保湿持久控油平价底妆干皮气垫BB霜养肤CC膏女,589551196513,1350527,13428470,9.9
2020,彩妆香水,面部彩妆,粉底液,花西子 Florasis,花西子养肤粉底液/遮瑕保湿持久水润轻薄水光混干皮哑光油皮亲妈,590370407656,69572,13427588,193
2020,彩妆香水,面部彩妆,粉底液,玫珂菲 Make Up For Ever,MAKEUPFOREVER玫珂菲清晰无痕粉底液高清遮瑕,45581915326,33665,13392325,397.8
2020,彩妆香水,面部彩妆,粉底液,欧莱雅 L'oreal,欧莱雅彩妆粉底液女哑光控油遮瑕bb霜底妆24小时不脱妆学生35ml,558590129970,100809,13175841,130.7
2020,彩妆香水,面部彩妆,粉底液,香奈儿 美妆 Chanel,【官方正品】CHANEL 香奈儿气垫水粉底SPF25/PA++ 果冻气垫12号,595600885701,27884,12963611,464.9
2020,彩妆香水,面部彩妆,粉底液,魅可 M.a.c,【官方正品】MAC/魅可定制无瑕粉底液遮瑕保湿持久控油,629055073347,40000,12800000,320
2020,彩妆香水,面部彩妆,粉底液,珀兰娜 Planner,珀兰娜PLANNER绘画粉底液干皮遮瑕保湿持久水润养肤持妆学生平价,591622925960,134931,12401631,91.9
2020,彩妆香水,面部彩妆,粉底液,媚黛尔,MEMEMEPRO媚黛尔时尚大师无暇粉底液 遮瑕控油持久不脱妆英国进口,623167658495,33001,11680118,353.9
2020,彩妆香水,面部彩妆,粉底液,透蜜,透蜜粉底液持久保湿遮瑕膏水润控油裸妆bb霜女学生平价正品化妆品,579445254234,178697,11549425,64.6
2020,彩妆香水,面部彩妆,粉底液,美宝莲 Maybelline,美宝莲fit me粉底液fitme保湿遮瑕油皮哑光控油李佳琦推荐旗舰店,565284794516,126381,11491572,90.9
2020,彩妆香水,面部彩妆,粉底液,SUQQU,SUQQU记忆塑形奶油粉底霜保湿遮瑕粉霜持久30g粉底液提亮正品日本,556806714016,17151,11105239,647.5
2020,彩妆香水,面部彩妆,粉底液,Physicians Formula,physiciansformula pf健康粉底液油皮持久养肤遮瑕24小时奶油肌,594504057042,86314,11087461,128.5
2020,彩妆香水,面部彩妆,粉底液,圣罗兰 Yves Saint Laurent（ysl）,YSL圣罗兰明彩轻垫粉底液 墨水气垫皮气垫 遮瑕防晒B20 O,616667816147,19484,10511070,539.5
2020,彩妆香水,面部彩妆,粉底液,江原道 Koh Gen Do,KohGenDo江原道水漾美肌养肤粉底液 干油皮保湿提亮持久裸妆日本,553291118248,38320,10388212,271.1
2020,彩妆香水,面部彩妆,粉底液,玛丽黛佳 Marie Dalgar,【双11预售】玛丽黛佳900目小蘑菇养肤粉底液霜气垫保湿遮瑕持久,629616499619,45388,10378332,228.7
2020,彩妆香水,面部彩妆,粉底液,嘉利玛 Galimard,嘉利玛虾青素粉底液膏女养肤遮瑕保湿持久轻薄裸妆bb霜抗防不暗沉,617707631352,115230,10344866,89.8
2020,彩妆香水,面部彩妆,粉底液,兰蔻 Lancome,兰蔻新菁纯精华气垫粉底液 持久遮瑕高光 隔离保湿,548028890621,15367,9842870,640.5
2020,彩妆香水,面部彩妆,粉底液,圣罗兰 Yves Saint Laurent（ysl）,YSL圣罗兰恒久银气垫遮瑕保湿持久哑光粉底液 官方正品,617214566078,19229,9806790,510
2020,彩妆香水,面部彩妆,粉底液,迪奥 美妆 Dior,【官方正品】Dior迪奥锁妆凝脂恒久气垫粉底 控油持久遮瑕薄补妆,619162331334,29493,9801190,332.3
2020,彩妆香水,面部彩妆,粉底液,ZELENS,ZELENS钻石养肤奶油肌粉底液遮瑕保湿持久轻薄水润干皮正品Age,586453765632,26792,9521436,355.4
2020,彩妆香水,面部彩妆,粉底液,美宝莲 Maybelline,【双11抢购】美宝莲fitme粉底液干皮救星控油遮瑕保湿滋润持久,629777931836,80000,9520000,119
2020,彩妆香水,面部彩妆,粉底液,乔治阿玛尼 Armani Beauty,【正品】阿玛尼大师造型紧颜粉底液干皮滋润遮瑕,628170337516,15002,9451260,630
2020,彩妆香水,面部彩妆,粉底液,乔治阿玛尼 Armani Beauty,【10.21提前加购】阿玛尼红气垫精华粉底液遮瑕持久粉芯替换装,612215974790,24712,9390560,380
2020,彩妆香水,面部彩妆,粉底液,美康粉黛,美康粉黛养肤粉底液遮瑕保湿持久防水控油干皮油皮bb霜女学生平价,537807923094,291666,9266819,31.8
2020,彩妆香水,面部彩妆,粉底液,兰蔻 Lancome,兰蔻新奇迹薄纱粉底液30ml 保湿遮瑕隔离 奶油肌,43215630551,18672,9039760,484.1
2020,彩妆香水,面部彩妆,粉底液,玫珂菲 Make Up For Ever,MAKEUPFOREVER玫珂菲赋活焕采粉底液熬夜养肤保湿,603338951468,18859,8722170,462.5
2020,彩妆香水,面部彩妆,粉底液,SUQQU,SUQQU晶采艳泽粉霜 奶油塑形保湿持妆遮瑕110 光艳粉霜升级版,601024425581,10406,8595854,826
2020,彩妆香水,面部彩妆,粉底液,媚黛尔,MEMEMEPRO媚黛尔时尚大师无暇粉底液 遮瑕持久不脱妆轻薄官方正品,619865158089,45645,8585680,188.1
2020,彩妆香水,面部彩妆,粉底液,资莱皙 Zilaix,2瓶|粉底液正品持久保湿遮瑕不脱妆水润控油气垫bb霜膏女学生平价,590370140351,189892,8572243,45.1
2020,彩妆香水,面部彩妆,粉底液,乔治阿玛尼 Armani Beauty,【正品】阿玛尼大师造型紧颜粉底液提亮干皮滋润轻薄,600683205426,13599,8567370,630
2020,彩妆香水,面部彩妆,粉底液,滋色 Zeesea,ZEESEA滋色轻薄水润粉底液女保湿遮瑕控油裸妆持久粉底膏bb霜,567406444345,128357,8450205,65.8
2020,彩妆香水,面部彩妆,粉底液,芭比波朗 Bobbi Brown,BOBBI BROWN芭比波朗清透持妆粉底液  清透自然亲肤保湿 持妆遮瑕,571025096553,19371,8406200,434
2020,彩妆香水,面部彩妆,粉底液,Blank Me,【双11返场】Blank ME小黑盒气垫（无礼盒）bb霜粉底霜 持久干皮,627493791607,30500,8239500,270.1
2020,彩妆香水,面部彩妆,粉底液,资生堂 Shiseido,资生堂随肌应变智能气垫粉底液 BB 遮瑕提亮 控油持妆 轻薄服帖,569095888131,19428,8150853,419.5
2020,彩妆香水,面部彩妆,粉底液,SUQQU,日本SUQQU奶油粉底霜保湿30g101/102新版遮瑕养肤持久粉霜粉底液,629612481415,12538,8113890,647.1
2020,彩妆香水,面部彩妆,粉底液,汤姆福特 Tom Ford,【官方正品】TOM FORD汤姆福特气垫粉底液 TF气垫防晒 黑白气垫,588268961946,14518,8087591,557.1
2020,彩妆香水,面部彩妆,粉底液,圣罗兰 Yves Saint Laurent（ysl）,YSL圣罗兰圣罗兰恒颜无瑕粉底液 哑光遮瑕 黄子韬同款,618029274835,13885,8053300,580
2020,彩妆香水,面部彩妆,粉底液,肌肤之钥 Cle de peau beaute,【抢先加购】肌肤之钥CPB粉霜 光缎粉霜粉底液 钻光粉霜持久遮瑕,538774158705,8884,7995600,900
2020,彩妆香水,面部彩妆,粉底液,玛丽黛佳 Marie Dalgar,玛丽黛佳小蘑菇粉底液粉霜遮瑕保湿持久持妆气垫遮瑕保湿持久正品,544505244441,70730,7975088,112.8
2020,彩妆香水,面部彩妆,粉底液,圣罗兰 Yves Saint Laurent（ysl）,YSL圣罗兰恒颜无瑕粉底液 银气垫控油遮瑕持妆气垫,617120819555,15366,7836660,510
2020,彩妆香水,面部彩妆,粉底液,迪奥 美妆 Dior,【李佳琦推荐】Dior迪奥锁妆凝脂恒久气垫粉底 控油持久,629409005339,15000,7800000,520
2020,彩妆香水,面部彩妆,粉底液,珂芙缦 Covermark,【官方正品】COVERMARK中草粉底霜修护粉底霜30g傲丽日本养肤防晒,522103304362,17064,7764120,455
2020,彩妆香水,面部彩妆,粉底液,蜜丝佛陀 Maxfactor,蜜丝佛陀水感粉底霜 遮瑕膏裸妆持久保湿不易脱妆控油BB官方正品,14173931801,57208,7754670,135.6
2020,彩妆香水,面部彩妆,粉底液,完美日记 Perfect Diary,完美日记深水弹干皮粉底液女遮瑕保湿持久服帖植物精华水润透亮,603216503350,67578,7754595,114.8
2020,彩妆香水,面部彩妆,粉底液,雅诗兰黛 Estee Lauder,【直播专享】雅诗兰黛沁水粉底液干皮救星 遮瑕奶油肌 李现推荐,523288764543,15501,7634810,492.5
2020,彩妆香水,面部彩妆,粉底液,郑瑄茉,【直播用】郑瑄茉气垫遮瑕保湿持久不脱妆气垫bb霜粉扑替换装,626403830933,30000,7626000,254.2
2020,彩妆香水,面部彩妆,粉底液,纪梵希 Givenchy,【情人节礼物】纪梵希高定恒颜持妆粉底液 24h持妆 遮瑕水润自然,598610965168,16817,7483565,445
2020,彩妆香水,面部彩妆,粉底液,资生堂 Shiseido,资生堂随肌应变智能气垫粉底液12g BB霜 遮瑕提亮 控油持久不脱妆,568994594076,17593,7358580,418.3
2020,彩妆香水,面部彩妆,粉底液,欧莱雅 L'oreal,[预售]欧莱雅哑光控油24小时粉底液bb霜持久遮瑕油皮亲妈正品30ml,597680284246,60316,7195372,119.3
2020,彩妆香水,面部彩妆,粉底液,肌肤之钥 Cle de peau beaute,【抢先加购】肌肤之钥CPB粉霜 晶钻润耀粉霜养肤 贵妇粉底液,563510207800,3103,7136900,2300
2020,彩妆香水,面部彩妆,粉底液,媚黛尔,MEMEMEPRO媚黛尔时尚大师遮瑕粉底液英国进口 无暇控油持久不脱妆,634102779690,23944,7135312,298
2020,彩妆香水,面部彩妆,粉底液,嘉娜宝 Kanebo,Kanebo/嘉娜宝臻萃晶采遮瑕粉底霜粉底液保湿遮瑕修颜提升气色,609747721208,5454,7117380,1305
2020,彩妆香水,面部彩妆,粉底液,蜜丝佛陀 Maxfactor,蜜丝佛陀烟酰胺粉底液膏控油保湿遮瑕防晒雾感裸妆不易脱持久BB女,574483628373,66018,6821524,103.3
2020,彩妆香水,面部彩妆,粉底液,乔治阿玛尼 Armani Beauty,【正品】Armani阿玛尼无痕持妆权力粉底油皮遮瑕持妆控油,565213091144,11652,6771440,581.1
2020,彩妆香水,面部彩妆,粉底液,Dermacol,Dermacol小金管遮瑕膏捷克黛玛蔻遮盖痘印痘痘黑眼圈纹身粉底液女,44868861898,39596,6708730,169.4
2020,彩妆香水,面部彩妆,粉底液,ZELENS,【李佳琦推荐】ZELENS钻石养肤奶油肌粉底液保湿轻薄干皮正品Age,609558916561,16705,6665295,399
2020,彩妆香水,面部彩妆,粉底液,自然堂 Chando,自然堂感光无瑕持妆粉底液油皮亲妈遮瑕养肤不脱妆不暗沉不灰脸,625814035344,49822,6569678,131.9
2020,彩妆香水,面部彩妆,粉底液,兰蔻 Lancome,兰蔻持妆气垫 新空气轻垫轻透粉底液 隔离BB霜 持久遮瑕 自然无暇,596309763449,14537,6541650,450
2020,彩妆香水,面部彩妆,粉底液,美宝莲 Maybelline,美宝莲fit me粉底液女fitme遮瑕保湿控油皮李佳琦推荐官方旗舰店,566732941046,75242,6499920,86.4
2020,彩妆香水,面部彩妆,粉底液,Blank Me,【立即抢购】Blank ME小银盒气垫bb霜粉底霜持久不脱妆,627206610358,19700,6475009,328.7
2020,彩妆香水,面部彩妆,粉底液,艾诺碧 Iope,【新品】IOPE/艾诺碧无瑕美颜气垫粉凝底液隔离防晒保湿 遮瑕持妆,610759040950,25622,6474647,252.7
2020,彩妆香水,面部彩妆,粉底液,娇韵诗 Clarins,娇韵诗缎光水漾精华粉底液长效遮瑕保湿亮肤不脱妆,607253181176,16919,6429220,380
2020,彩妆香水,面部彩妆,粉底液,完美日记 Perfect Diary,完美日记天赋干皮粉底液女保湿持久干皮本命遮瑕服帖水润官方正品,614726688143,64136,6395805,99.7
2020,彩妆香水,面部彩妆,粉底液,香奈儿 美妆 Chanel,【官方正品】CHANEL 香奈儿柔光持妆粉底液 小磨方遮瑕雾面,596287008965,10651,6390600,600
2020,彩妆香水,面部彩妆,粉底液,郑瑄茉,郑瑄茉气垫遮瑕保湿控油持久不脱妆气垫bb霜粉扑替换装官方旗舰店,619536241897,26981,6376868,236.3
2020,彩妆香水,面部彩妆,粉底液,红地球 Red Earth,日本进口redearth红地球养肤粉底液草本精华持久遮瑕轻薄裸妆正品,619675233746,49943,6271003,125.6
2020,彩妆香水,面部彩妆,粉底液,红地球 Red Earth,red earth/红地球粉底液草本养肤30g轻薄裸妆无妆感遮瑕持久保湿,598381280687,55828,6259286,112.1
2020,彩妆香水,面部彩妆,粉底液,珂莱欧 Clio,CLIO珂莱欧悦颜遮瑕小金盖气垫粉底液四代升级持妆气垫,600599305905,41658,6207206,149
2020,彩妆香水,面部彩妆,粉底液,玫珂菲 Make Up For Ever,【雨昕pick】MAKE UP FOR EVER/玫珂菲清晰无痕粉底液高清遮瑕,623251368670,15149,6204105,409.5
2020,彩妆香水,面部彩妆,粉底液,圣罗兰 Yves Saint Laurent（ysl）,YSL圣罗兰妍活青春粉底液女神粉底液30ml遮瑕提亮 正品,563690029233,10329,6197400,600
2020,彩妆香水,面部彩妆,粉底液,圣罗兰 Yves Saint Laurent（ysl）,YSL圣罗兰恒颜无瑕粉底液 高度遮瑕细腻不卡粉 官方正品,616957593713,10475,6075500,580
2020,彩妆香水,面部彩妆,粉底液,圣罗兰 Yves Saint Laurent（ysl）,【零点开抢李佳琦专属】YSL圣罗兰新超模精华粉霜水润干皮粉底液*,627893869071,9500,5985000,630
2020,彩妆香水,面部彩妆,粉底液,赫妍 Hera,【立即抢购】HERA赫妍黑金持久遮瑕粉底液保湿持久不脱妆油皮亲妈,614534337409,19327,5968110,308.8
2020,彩妆香水,面部彩妆,粉底液,芭比波朗 Bobbi Brown,BOBBI BROWN芭比波朗虫草粉底液 干皮养肤细腻保湿 倪妮同款,628490214499,9500,5890000,620
2020,彩妆香水,面部彩妆,粉底液,凯朵 Kate,KATE/凯朵隐形美肌蜜粉底液油皮亲妈保湿持久轻薄 奶油肌 混油皮,611982246419,59138,5864884,99.2
2020,彩妆香水,面部彩妆,粉底液,乔治阿玛尼 Armani Beauty,【薇娅推荐】Armani/阿玛尼权力粉底液持久不脱妆油皮遮瑕控油 W,616138844645,10023,5813340,580
2020,彩妆香水,面部彩妆,粉底液,雅诗兰黛 Estee Lauder,雅诗兰黛DW持妆清透粉底液 持久不脱妆遮瑕保湿提亮自然 官方正品,572969357685,14395,5796290,402.7
2020,彩妆香水,面部彩妆,粉底液,美宝莲 Maybelline,美宝莲旗舰店SuperStay定制巨持妆粉底液持久遮瑕,616562208406,31433,5685838,180.9
2020,彩妆香水,面部彩妆,粉底液,兰瑟 Lansur,兰瑟粉底液遮瑕保湿持久控油干皮亲妈奶油肌bb霜平价学生女正品,603946956003,220669,5682498,25.8
2020,彩妆香水,面部彩妆,粉底液,美宝莲 Maybelline,美宝莲fitme粉底液遮瑕保湿持久干皮水润底妆不脱妆女,565703351333,70000,5642380,80.6
2020,彩妆香水,面部彩妆,粉底液,雪花秀 Sulwhasoo,【抢先加购收藏】雪花秀致美润白气垫粉底液bb霜 美白隔离防晒,531549467252,16217,5610677,346
2020,彩妆香水,面部彩妆,粉底液,柏瑞美 Pramy,PRAMY/柏瑞美粉底液遮瑕保湿持久控油水润干皮bb霜正品粉底霜,604220342696,48956,5563664,113.6
2020,彩妆香水,面部彩妆,粉底液,蜜丝婷（美诗婷） Mistine,Mistine泰国24小时粉底液粉霜遮瑕保湿持久控油奶油肌官网学生,535058236396,107092,5557754,51.9
2020,彩妆香水,面部彩妆,粉底液,SUQQU,日本SUQQU奶油粉底霜保湿30g101/102新版遮瑕养肤粉底液控油,620212523171,8308,5516462,664
2020,彩妆香水,面部彩妆,粉底液,圣罗兰 Yves Saint Laurent（ysl）,正品 YSL圣罗兰恒久无瑕粉底液轻透遮瑕持久哑光B20,586948996076,8975,5205500,580
2020,彩妆香水,面部彩妆,粉底液,迪奥 美妆 Dior,【官方正品】Dior迪奥锁妆粉底液凝脂恒久 持久控油保湿高遮瑕,618341484098,9688,5149960,531.6
2020,彩妆香水,面部彩妆,粉底液,初夏堂,初夏堂001粉底液遮瑕保湿持久水润控油奶油肌BB霜平价学生女正品,597671720759,101014,5116257,50.6
2020,彩妆香水,面部彩妆,粉底液,彩棠 Timage,TIMAGE彩棠青瓷粉底液遮瑕膏无瑕轻薄遮瑕保湿持久正品网红粉底,609385710283,32776,5072601,154.8
2020,彩妆香水,面部彩妆,粉底液,稚优泉 Chioture,稚优泉粉底液遮瑕保湿持久控油轻薄底妆干油皮粉霜奶油肌学生平价,619193180114,59249,4956521,83.7
2020,彩妆香水,面部彩妆,粉底液,珀莱雅 Proya,珀莱雅粉底液遮瑕保湿持久控油水润养肤干皮油皮亲妈女官方旗舰店,598153823848,70454,4852393,68.9
2020,彩妆香水,面部彩妆,粉底液,柳丝木,柳丝木小方管粉底液养肤保湿遮瑕控油持久bb霜膏女学生平价底妆,609703168299,67693,4761950,70.3
2020,彩妆香水,面部彩妆,粉底液,珀兰娜 Planner,珀兰娜PLANNER绘画粉底液女学生平价干皮保湿持久遮瑕粉底调和液,601386772577,52957,4717908,89.1
2020,彩妆香水,面部彩妆,粉底液,圣罗兰 Yves Saint Laurent（ysl）,正品 YSL圣罗兰明彩轻垫粉底液墨水气垫隐形毛孔持久,565550474950,8689,4692785,540.1
2020,彩妆香水,面部彩妆,粉底液,蜜丝婷（美诗婷） Mistine,泰国Mistine蜜丝婷蓝盾粉底液干油皮遮瑕保湿控油粉底学生女,624673019748,58416,4665131,79.9
2020,彩妆香水,面部彩妆,粉底液,汤姆福特 Tom Ford,【官方正品】TOM FORD汤姆福特气垫粉底液 TF黑白气垫 防晒,595146485760,7113,4618424,649.3
2020,彩妆香水,面部彩妆,粉底液,香奈儿 美妆 Chanel,【官方正品】CHANEL 香奈儿米色时尚粉底液 果冻瓶 水润持妆,624972263044,7598,4558800,600
2020,彩妆香水,面部彩妆,粉底液,圣罗兰 Yves Saint Laurent（ysl）,【双11现金礼】亮肌乳5ml 自由之水1.2ml夜皇后1ml*3小样试用装,617946778741,97086,4533560,46.7
2020,彩妆香水,面部彩妆,粉底液,珀兰娜 Planner,PLANNER/珀兰娜绘画粉底液水润遮瑕持妆出色不脱妆粉底女官网正品,612726777892,46364,4528474,97.7
2020,彩妆香水,面部彩妆,粉底液,TOM MARK/唐魅可,tommark白绷带气垫bb霜遮瑕持久保湿补水润肤干皮CC霜粉底霜女,615751154322,31727,4504059,142
2020,彩妆香水,面部彩妆,粉底液,兰蔻 Lancome,兰蔻菁纯臻颜精华粉底液35ml 持久控油隔离遮瑕,585259823344,4794,4490760,936.7
2020,彩妆香水,面部彩妆,粉底液,兰蔻 Lancome,兰蔻新持妆粉底液30ml 轻薄持妆,574774533066,10690,4489800,420
2020,彩妆香水,面部彩妆,粉底液,卡姿兰 Carslan,卡姿兰粉底液遮瑕保湿持久李佳琦推荐女学生平价养肤控油皮bb霜膏,572723222275,55966,4458700,79.7
2020,彩妆香水,面部彩妆,粉底液,Blank Me,【立即抢购】Blank ME智能柔光粉底液 持久持妆水油平衡遮瑕,616580193209,16624,4451913,267.8
2020,彩妆香水,面部彩妆,粉底液,植村秀 Shu-uemura,植村秀羽纱粉底液 55号粉底刷套装遮瑕粉底无瑕底妆,611170098932,6386,4438270,695
2020,彩妆香水,面部彩妆,粉底液,卡姿兰 Carslan,卡姿兰粉底液遮瑕保湿持久控油bb霜学生平价油皮亲妈干皮养肤持妆,611804510845,48822,4424699,90.6
2020,彩妆香水,面部彩妆,粉底液,卡姿兰 Carslan,卡姿兰粉底液遮瑕保湿持久控油bb霜油皮干皮奶油肌24小时学生平价,611297751856,47837,4296425,89.8
2020,彩妆香水,面部彩妆,粉底液,玫珂菲 Make Up For Ever,MAKEUPFOREVER玫珂菲全新双用水粉霜粉底水润轻薄,45768369859,11774,4271425,362.8
2020,彩妆香水,面部彩妆,粉底液,蜜丝婷（美诗婷） Mistine,泰国mistine粉底液女24小时遮瑕保湿持久控油bb霜干皮遮暇霜平价,573182474323,113228,4242823,37.5
2020,彩妆香水,面部彩妆,粉底液,圣罗兰 Yves Saint Laurent（ysl）,YSL圣罗兰明彩粉底液 遮瑕超模粉底液提亮水润 正品,563989385166,7449,4171440,560
2020,彩妆香水,面部彩妆,粉底液,美宝莲 Maybelline,美宝莲旗舰店SuperStay定制巨持妆粉底液持久遮瑕防水防汗不脱妆,614665612667,24182,4120624,170.4
2020,彩妆香水,面部彩妆,粉底液,RMK,RMK丝薄粉底液30ml日本经典绢丝矮方瓶保湿清爽素颜自然光泽,599989508420,11010,4117060,373.9
2020,彩妆香水,面部彩妆,粉底液,乔治阿玛尼 Armani Beauty,【10.21提前加购】阿玛尼大师造型粉底乳粉霜干皮遮瑕滋润不脱妆,562073427545,4313,4097350,950
2020,彩妆香水,面部彩妆,粉底液,珂芙缦 Covermark,Covermark傲丽中草药膏粉底霜遮瑕粉底保湿防晒修饰肤色滋润30g,553304786214,11027,4019965,364.6
2020,彩妆香水,面部彩妆,粉底液,烙色 Lac,【预售】LAC烙色变色隔离养肤抗蓝光粉底液磨皮保湿遮瑕持久控油,624960217354,40846,4008739,98.1
2020,彩妆香水,面部彩妆,粉底液,珂拉琪 Color Key,colorkey珂拉琪养肤蛋蛋粉底液遮瑕干油皮bb霜奶油肌持久保湿磨皮,601127327675,55814,3933868,70.5
2020,彩妆香水,面部彩妆,粉底液,INTEGRATE,【官方旗舰店】日本资生堂INTEGRATE完美意境粉底霜持久控油遮瑕,617291552035,38494,3909893,101.6
2020,彩妆香水,面部彩妆,粉底液,Amplitude,Amplitude/AMP清颜焕光粉底液大A瓶遮瑕保湿持久控油水润轻薄30ml,604960328507,5726,3818382,666.8
2020,彩妆香水,面部彩妆,粉底液,Catrice,Catrice粉底液遮瑕保湿持久24小时德国滴管干油皮高清粉底液霜膏,586859169927,72337,3814021,52.7
2020,彩妆香水,面部彩妆,粉底液,毛戈平 Maogeping,MAOGEPING/毛戈平粉底膏遮瑕膏底妆提亮肤色持久不易脱妆化妆品,592890343942,29731,3797435,127.7
2020,彩妆香水,面部彩妆,粉底液,植村秀 Shu-uemura,【官方正品】植村秀新品小方瓶羽纱持妆粉底液保湿遮瑕控油,611953682020,9072,3719520,410
2020,彩妆香水,面部彩妆,粉底液,欧莱雅 L'oreal,欧莱雅复颜提拉紧肤积雪草精华粉底液持妆遮瑕自然裸妆保湿30ml,7905045388,15383,3705359,240.9
2020,彩妆香水,面部彩妆,粉底液,三草两木（美妆）,【孙艺珍同款】三草两木光感养护粉底液遮瑕保湿持久彩妆抗蓝光,619879786288,17590,3651001,207.6
2020,彩妆香水,面部彩妆,粉底液,苏秘37° Su:m37°,【双11加购】呼吸sum37度苏秘气垫cc水感粉底液bb 美白防晒养肤,568593076142,11030,3639900,330
2020,彩妆香水,面部彩妆,粉底液,SUQQU,日本SUQQU奶油粉底霜保湿30g101/102新版遮瑕养肤持久粉霜粉底液,587007222436,5627,3596321,639.1
2020,彩妆香水,面部彩妆,粉底液,兰蔻 Lancome,【直播专享】兰蔻新持妆粉底液30ml 轻薄持妆持久遮瑕W,578328358473,8536,3585120,420
2020,彩妆香水,面部彩妆,粉底液,纪梵希 Givenchy,【情人节礼物】纪梵希绒雾哑光粉底液超长持妆轻薄自然雾面正品,563621789873,8015,3566675,445
2020,彩妆香水,面部彩妆,粉底液,奥兰诺 Oranot,凡士林粉底液控油持久干皮遮瑕保湿清透水润学生平价cc气垫bb霜女,629364303720,111514,3554989,31.9
2020,彩妆香水,面部彩妆,粉底液,SUPERFACE,【专享】韩国Superface秀芭斐小黄盒气垫粉底液遮瑕保湿持久,621076084073,13873,3545868,255.6
2020,彩妆香水,面部彩妆,粉底液,卡姿兰 Carslan,卡姿兰粉底液遮瑕保湿持久控油奶油肌干皮养肤李佳琦推荐平价bb霜,611388513057,37092,3522934,95
2020,彩妆香水,面部彩妆,粉底液,圣罗兰 Yves Saint Laurent（ysl）,官方正品 YSL圣罗兰墨水轻垫粉底液星钻墨水气垫自然遮瑕B20,565644120525,6466,3491079,539.9
2020,彩妆香水,面部彩妆,粉底液,彩棠 Timage,【骆王宇推荐】TIMAGE彩棠燕窝粉底液唐毅亲研大师遮瑕膏保湿持久,623272783416,20323,3449736,169.7
2020,彩妆香水,面部彩妆,粉底液,美宝莲 Maybelline,美宝莲fitme粉底液遮瑕控油持久不脱妆保湿哑光,590979054284,28954,3445526,119
2020,彩妆香水,面部彩妆,粉底液,海蓝之谜 Lamer,【21日0点开抢】LA MER海蓝之谜鎏光焕变粉底液 保湿防晒遮瑕持久,557194250671,3326,3439600,1034.2
2020,彩妆香水,面部彩妆,粉底液,纪梵希 Givenchy,【抢先加购】纪梵希高定恒颜持妆气垫粉底液 持妆遮瑕,626542411267,6557,3409640,520
2020,彩妆香水,面部彩妆,粉底液,娇兰 Guerlain,[奢品节]娇兰金钻修颜粉底液30mlSPF30PA+++滋润遮瑕干皮,558011520376,4736,3362560,710
2020,彩妆香水,面部彩妆,粉底液,香奈儿 美妆 Chanel,【官方正品】CHANEL 香奈儿气垫水粉底 果冻气垫自然遮瑕,599063729653,7004,3353493,478.8
2020,彩妆香水,面部彩妆,粉底液,美宝莲 Maybelline,美宝莲Super Stay巨持妆气垫bb霜持久控油遮瑕,617685188919,16685,3320315,199
2020,彩妆香水,面部彩妆,粉底液,娇兰 Guerlain,娇兰金钻修颜气垫粉底液干皮遮瑕修饰肤色打底全新上市,601504660285,5921,3317200,560.2
2020,彩妆香水,面部彩妆,粉底液,INTEGRATE,日本资生堂INTEGRATE透润果冻气垫粉底 持久遮瑕保湿控油养护,607228007754,31659,3310751,104.6
2020,彩妆香水,面部彩妆,粉底液,美宝莲 Maybelline,[直播]美宝莲fitme粉底液滋润哑光控油清透遮瑕持久隐形毛孔30ml,581178429027,23814,3302112,138.7
2020,彩妆香水,面部彩妆,粉底液,Blank Me,【双旦礼遇】Blank ME小黑盒气垫bb霜粉底霜 持久持妆干皮遮瑕,631232055090,16337,3251063,199
2020,彩妆香水,面部彩妆,粉底液,红地球 Red Earth,日本进口redearth红地球养肤粉底液草本精华裸肌遮瑕自然正品,604844212604,31377,3241753,103.3
2020,彩妆香水,面部彩妆,粉底液,W.Lab,wlab粉底液W.Lab女超模BB霜保湿遮瑕美白干油皮持久平价DW学生W,577719271926,41313,3227265,78.1
2020,彩妆香水,面部彩妆,粉底液,珂拉琪 Color Key,【双11大促】colorkey珂拉琪玻尿酸爆水珠气垫粉底液膏BB霜女,577566973317,78322,3214011,41
2020,彩妆香水,面部彩妆,粉底液,欧莱雅 L'oreal,欧莱雅红帽子24小时持妆粉底液遮瑕保湿持久轻薄bb霜官方正品30ml,608807861662,13541,3190320,235.6
2020,彩妆香水,面部彩妆,粉底液,露华浓 Revlon,露华浓粉底液遮瑕保湿持久控油奶油肌干油皮学生平价BB霜遮暇霜,567254872004,54540,3162300,58
2020,彩妆香水,面部彩妆,粉底液,Blank Me,Blank ME小银盒气垫bb霜粉底霜,598805194763,12681,3113471,245.5
2020,彩妆香水,面部彩妆,粉底液,肌琳莎,【活动中】    遮瑕奶油肌粉底液,614178197520,156051,3113217,19.9
2020,彩妆香水,面部彩妆,粉底液,娇韵诗 Clarins,【李佳琦专享】娇韵诗缎光水漾精华粉底液长效遮瑕保湿亮肤不脱妆,613069891215,8176,3106880,380
2020,彩妆香水,面部彩妆,粉底液,KKS,KKS蘑菇头手电筒气垫粉底气垫自然持久遮瑕滋润CC霜粉底液平价,605872461033,52511,3071038,58.5
2020,彩妆香水,面部彩妆,粉底液,乔治阿玛尼 Armani Beauty,【双11现金礼券】ARMANI/阿玛尼底妆蜜享盒 享60元回购抵用券,620033477133,51014,3060840,60
2020,彩妆香水,面部彩妆,粉底液,乔治阿玛尼 Armani Beauty,Armani/阿玛尼黑钥匙素颜霜定妆提亮修颜自然面霜,562009594426,2153,3014200,1400
2020,彩妆香水,面部彩妆,粉底液,欧珀莱 Aupres,AUPRES/欧珀莱紧颜滋养粉底液紧致滋润精华防晒遮瑕粉底液女,589073570474,13857,2994619,216.1
2020,彩妆香水,面部彩妆,粉底液,Catrice,Catrice德国HD滴管水润清透粉底液30ml干皮长效遮瑕持久控油痘肌,568120263347,48795,2990952,61.3
2020,彩妆香水,面部彩妆,粉底液,科维曲 Couverturemp,科维曲矿物质精华粉底液遮瑕保湿持久控油干皮养肤bb霜女学生平价,578011808360,65940,2983083,45.2
2020,彩妆香水,面部彩妆,粉底液,瑷薇碧 Rvblab,RVBLAB粉底液遮瑕保湿持久不脱妆混油皮孕妇控油敏感肌养肤粉底霜,613966996834,10430,2908980,278.9
2020,彩妆香水,面部彩妆,粉底液,露华浓 Revlon,露华浓粉底液持久遮瑕24小时保湿控油干皮油皮奶油肌BB霜水润养肤,537154503873,38069,2866864,75.3
2020,彩妆香水,面部彩妆,粉底液,芭妮兰 Banila co,BanilaCO芭妮兰蜜桃粉底液遮瑕隔离保湿持久防汗旗舰店粉底化妆刷,599681379993,15309,2849284,186.1
2020,彩妆香水,面部彩妆,粉底液,欧莱雅 L'oreal,欧莱雅红帽子粉底液24小时持妆遮瑕保湿持久轻薄bb霜官方正品30ml,610990436162,12547,2831553,225.7
2020,彩妆香水,面部彩妆,粉底液,烙色 Lac,LAC烙色丝润高定粉底液隐形毛孔保湿遮瑕持久自然不脱妆亮肤轻薄,614237657996,57633,2829619,49.1
2020,彩妆香水,面部彩妆,粉底液,SUPERFACE,【专享】韩国Superface秀芭斐小黄盒气垫粉底液遮瑕持久,622038290197,12225,2760943,225.8
2020,彩妆香水,面部彩妆,粉底液,香奈儿 美妆 Chanel,【官方正品】CHANEL 香奈儿气垫水粉底度假系列SPF25/PA++ 遮瑕,617850406475,4980,2739000,550
2020,彩妆香水,面部彩妆,粉底液,娇兰 Guerlain,【双11狂欢】娇兰光透养肤小灯泡粉底液SPF20保湿遮瑕滋润,628269045354,5148,2734880,531.3
2020,彩妆香水,面部彩妆,粉底液,芭比波朗 Bobbi Brown,BOBBI BROWN芭比波朗虫草粉底液 遮瑕保湿持久 干皮养肤 倪妮同款,557805713931,4366,2706920,620
2020,彩妆香水,面部彩妆,粉底液,雅诗兰黛 Estee Lauder,雅诗兰黛 全新白金级宝石气垫 细腻贴妆保湿持久,609139679523,2813,2672350,950
2020,彩妆香水,面部彩妆,粉底液,滋色 Zeesea,ZEESEA滋色毕加索肌肽无瑕精华粉底液膏养肤遮瑕保湿持久轻薄bb霜,605648884653,36563,2666603,72.9
2020,彩妆香水,面部彩妆,粉底液,欧莱雅 L'oreal,欧莱雅红帽子粉底液遮瑕保湿持久轻薄bb霜学生官方正品30ml,608676733306,12084,2642083,218.6
2020,彩妆香水,面部彩妆,粉底液,圣罗兰 Yves Saint Laurent（ysl）,【会员9.9元付邮试用】恒颜粉底液1ml+明彩粉底液1ml+精华液 1ml,619013629313,265202,2625500,9.9
2020,彩妆香水,面部彩妆,粉底液,肌肤之钥 Cle de peau beaute,【入会加享】肌肤之钥CPB粉底 光缎粉底液30ml遮瑕持久轻薄,533105188452,2673,2619540,980
2020,彩妆香水,面部彩妆,粉底液,猫语玫瑰,猫语玫瑰粉底液干油皮亲妈水润保湿控油持久无暇平价遮瑕BB霜学生,581382143685,35902,2616735,72.9
2020,彩妆香水,面部彩妆,粉底液,芭妮兰 Banila co,BanilaCO芭妮兰蜜桃粉底液遮瑕隔离保湿持久不脱妆防汗旗舰店官网,609800920655,15686,2590979,165.2
2020,彩妆香水,面部彩妆,粉底液,深蓝彩妆 Bleunuit,深蓝 彩妆 正品感光无暇粉底膏霜油皮控油干皮水润保湿持久遮瑕液,35325284934,26096,2576161,98.7
2020,彩妆香水,面部彩妆,粉底液,圣罗兰 Yves Saint Laurent（ysl）,双11现金礼 反转巴黎1.2ml夜皇后7ml 精华水10ml恒久粉底液1ml*2,628116296500,25619,2561900,100
2020,彩妆香水,面部彩妆,粉底液,玫珂菲 Make Up For Ever,【双11狂欢】MAKEUPFOREVER玫珂菲黄明昊双11礼盒清晰无痕粉底液,602737012504,6644,2555310,384.6
2020,彩妆香水,面部彩妆,粉底液,乔治阿玛尼 Armani Beauty,【10.21提前加购】阿玛尼纯净持妆粉底液控油持妆亲肤不脱妆 正品,561838168630,4305,2500780,580.9
2020,彩妆香水,面部彩妆,粉底液,雅蔻 Artdeco,ARTDECO雅蔻粉底液控油养肤霜小黑帽轻薄遮瑕持久不脱妆油皮防水,614901077115,18672,2488177,133.3
2020,彩妆香水,面部彩妆,粉底液,安美 Amy,Amy/安美小金盖粉底霜养肤粉底液遮瑕保湿持久控油裸妆bb霜女学生,596253857653,42514,2487218,58.5
2020,彩妆香水,面部彩妆,粉底液,OKA,OKA欧咔小方块粉底液养肤轻薄控油持久遮瑕粉底膏BB霜学生平价女,604012717054,28720,2436327,84.8
2020,彩妆香水,面部彩妆,粉底液,RMK,日本RMK水凝粉底液SPF14保湿遮暇自然滋润新版提亮白皙30g丝薄,548460686077,8120,2353335,289.8
2020,彩妆香水,面部彩妆,粉底液,芭集,芭集粉底液长久持妆巴八遮瑕保湿不学生脱妆轻薄水光混油皮,621795827193,17276,2326148,134.6
2020,彩妆香水,面部彩妆,粉底液,ZELENS,【限量礼盒】zelens钻石养肤奶油肌粉底液遮瑕保湿持久干皮Age,624500072903,6175,2323450,376.3
2020,彩妆香水,面部彩妆,粉底液,露华浓 Revlon,露华浓我可以粉底液膏遮瑕保湿持久控油干皮亲妈奶油肌BB霜官方,599580778711,20107,2321410,115.5
2020,彩妆香水,面部彩妆,粉底液,玫珂菲 Make Up For Ever,MAKEUPFOREVER粉底液遮瑕持久保湿玫珂菲浮生若梦养肤双用水粉霜,619721928919,9861,2317978,235.1
2020,彩妆香水,面部彩妆,粉底液,露华浓 Revlon,露华浓我可以粉底液膏遮瑕保湿持久控油玫瑰妆前露保湿隔离奶油肌,611521042590,10112,2314486,228.9
2020,彩妆香水,面部彩妆,粉底液,毛戈平 Maogeping,毛戈平无痕粉膏深海冒险限定款4.5g防水女学生平价赠粉扑官方正品,595070030448,16881,2310393,136.9
2020,彩妆香水,面部彩妆,粉底液,UMT,Pony同款UMT控油长效持久粉底液遮瑕水润保湿不脱妆混油混干挚爱,624742654344,20301,2305334,113.6
2020,彩妆香水,面部彩妆,粉底液,江原道 Koh Gen Do,【11大促礼包 10点开抢】江原道粉底液8ml+卸妆水湿巾*3片+30元券,628118840764,19322,2261806,117.1
2020,彩妆香水,面部彩妆,粉底液,圣罗兰 Yves Saint Laurent（ysl）,【新品】YSL圣罗兰明彩精萃水粉霜 超模精华粉底霜干皮滋润瓷光肌,628167642569,3581,2256030,630
2020,彩妆香水,面部彩妆,粉底液,Dermacol,李佳琦推荐 黛玛蔻dermacol遮瑕膏捷克遮盖痘印黑眼圈遮斑粉底液,609858888107,16177,2238459,138.4
2020,彩妆香水,面部彩妆,粉底液,雅诗兰黛 Estee Lauder,雅诗兰黛沁水双层气垫BB霜 保湿遮瑕 水润奶油肌裸妆 官方正品,579418172791,3772,2225480,590
2020,彩妆香水,面部彩妆,粉底液,乔治阿玛尼 Armani Beauty,【直播专属】Armani/阿玛尼大师造型紧颜粉底液干皮滋润轻薄遮瑕,618037288813,3500,2205000,630
2020,彩妆香水,面部彩妆,粉底液,RMK,RMK水凝光采粉霜EX30g日本进口光泽粉底控油保湿打底持妆升级版,601896658433,4691,2194529,467.8
2020,彩妆香水,面部彩妆,粉底液,欧莱雅 L'oreal,欧莱雅粉底液24小时控油持久保湿遮瑕提亮裸妆BB霜吸油棒官网正品,572057522228,22721,2189254,96.4
2020,彩妆香水,面部彩妆,粉底液,玫珂菲 Make Up For Ever,MAKEUPFOREVER玫珂菲全新清晰无痕粉底液高清遮瑕轻薄,614078977632,5363,2186070,407.6
2020,彩妆香水,面部彩妆,粉底液,海蓝之谜 Lamer,LA MER海蓝之谜鎏光焕变气垫粉底液防晒保湿遮瑕持久,592937991258,2127,2177050,1023.5
2020,彩妆香水,面部彩妆,粉底液,美宝莲 Maybelline,美宝莲fitme粉底液控油持久遮瑕保湿李佳琦推荐干油皮官方旗舰店,569394759468,23835,2175199,91.3
2020,彩妆香水,面部彩妆,粉底液,美宝莲 Maybelline,美宝莲fitme粉底液遮瑕控油持久不脱妆,612791051884,23288,2169983,93.2
2020,彩妆香水,面部彩妆,粉底液,乔治阿玛尼 Armani Beauty,【直播专属】ARMANI/阿玛尼黑气垫权力粉底霜遮瑕不脱妆持久油皮,616936719725,3247,2143020,660
2020,彩妆香水,面部彩妆,粉底液,江原道 Koh Gen Do,KohGenDo江原道水漾美肌养肤粉底液 干油皮保湿提亮持久裸妆日本,618386378866,9130,2124347,232.7
2020,彩妆香水,面部彩妆,粉底液,卡姿兰 Carslan,卡姿兰黑金气垫粉底液bb霜保湿遮瑕持久cc霜女控油底妆不脱妆学生,595826198015,15934,2124212,133.3
2020,彩妆香水,面部彩妆,粉底液,香奈儿 美妆 Chanel,【官方正品】CHANEL 香奈儿奢华精萃滋养粉底霜 赋活匀净肤色,594342012974,2013,2113650,1050
2020,彩妆香水,面部彩妆,粉底液,RMK,RMK丝薄粉底液30ml 轻薄持久伪素颜神器遮瑕保湿粉底霜水凝,618803052445,7466,2099454,281.2
2020,彩妆香水,面部彩妆,粉底液,玫珂菲 Make Up For Ever,MAKE UP FOR EVER玫珂菲丝绒无瑕持妆粉底霜 遮瑕持久油皮,599130543917,8761,2094096,239
2020,彩妆香水,面部彩妆,粉底液,露华浓 Revlon,露华浓粉底液持久遮瑕24小时保湿控油干皮油皮奶油肌BB霜水润养肤,611662360683,25318,2088842,82.5
2020,彩妆香水,面部彩妆,粉底液,娜斯 Nars,【官方正品】NARS 水凝光润气垫粉饼 遮瑕裸妆轻薄不易脱妆,593878311092,4346,2086080,480
2020,彩妆香水,面部彩妆,粉底液,美肤宝 Meifubao,美肤宝粉底液遮瑕保湿持久油皮控油bb霜女学生平价官方旗舰店正品,624308081235,47724,2064006,43.2
2020,彩妆香水,面部彩妆,粉底液,珂芙缦 Covermark,【官方正品】COVERMARK中草粉霜20g修护粉底霜傲丽 日本养肤防晒,523962985022,5979,2062755,345
2020,彩妆香水,面部彩妆,粉底液,PAESE,paese派斯沁肤粉底液女干皮美白水润保湿持久学生平价官方正品,591678836736,29685,2054714,69.2
2020,彩妆香水,面部彩妆,粉底液,肌肤之钥 Cle de peau beaute,CPB肌肤之钥光缎粉底霜钻光保湿遮瑕不脱妆粉底液粉霜持久30ml,550376957329,2769,2050591,740.6
2020,彩妆香水,面部彩妆,粉底液,美宝莲 Maybelline,美宝莲fitme粉底液遮瑕保湿持久定制水感控油不脱妆哑光油皮粉底,595751407349,19790,2047389,103.5
2020,彩妆香水,面部彩妆,粉底液,深蓝彩妆 Bleunuit,深蓝黑魅润泽粉底液干皮油皮轻薄控油遮瑕保湿持久不脱妆水润彩妆,35324771622,11805,2034764,172.4
2020,彩妆香水,面部彩妆,粉底液,乔治阿玛尼 Armani Beauty,【直播专属】Armani/阿玛尼红气垫精华粉底液遮瑕保湿持妆控油,618855099973,3225,2031750,630
2020,彩妆香水,面部彩妆,粉底液,ZFC,ZFC粉底膏 遮瑕膏粉底液遮瑕保湿持久影楼湿粉底化妆品旗舰店正品,527263610038,60223,2022819,33.6
2020,彩妆香水,面部彩妆,粉底液,菲诗小铺 The Face Shop,菲诗小铺fmgt水墨持妆粉底液干油皮水润保湿遮瑕套装,608101832903,24567,1994263,81.2
2020,彩妆香水,面部彩妆,粉底液,左香 Zoo·son,第二件10元 左香粉底液持久保湿遮瑕膏水润控油裸妆bb霜女学生,614439837458,82653,1982642,24
2020,彩妆香水,面部彩妆,粉底液,Anastasia Beverly Hills,美国Anastasia奶油肌ABH光感粉底液柔焦雾感超长持妆轻薄遮瑕保湿,600050802421,9041,1971212,218
2020,彩妆香水,面部彩妆,粉底液,肌肤之钥 Cle de peau beaute,【入会加享】肌肤之钥CPB气垫 光润气垫精华水粉底自然替换芯B,603960334727,3854,1927000,500
2020,彩妆香水,面部彩妆,粉底液,乔治阿玛尼 Armani Beauty,【618礼遇】Armani/阿玛尼权力粉底液水润轻薄遮瑕持久不脱妆,565213591213,3305,1916960,580
2020,彩妆香水,面部彩妆,粉底液,迪奥 美妆 Dior,Dior/迪奥forever凝脂恒久老花纹 CD气垫粉底液持久锁妆保湿遮瑕,557248157283,3868,1908466,493.4
2020,彩妆香水,面部彩妆,粉底液,乔治阿玛尼 Armani Beauty,【直播专属】Armani/阿玛尼大师造型紧颜粉底液干皮滋润轻薄遮瑕,618855111762,3029,1908270,630
2020,彩妆香水,面部彩妆,粉底液,INTEGRATE,【新】INTEGRATE日本资生堂INTEGRATE完美意境粉底霜持久控油遮瑕,627216923174,18539,1884961,101.7
2020,彩妆香水,面部彩妆,粉底液,凯朵 Kate,KATE凯朵美肌隐形粉底液自然遮瑕轻薄裸妆持久保湿控油bb正品男女,585858624737,16662,1881054,112.9
2020,彩妆香水,面部彩妆,粉底液,Color Candy/糖果彩色,colorcandy糖果彩色钻石养肤粉底液控油持久遮瑕保湿混干皮不脱妆,629242361769,8046,1880912,233.8
2020,彩妆香水,面部彩妆,粉底液,完美日记 Perfect Diary,【专用】完美日记双11天赋干皮粉底液,629006629677,15500,1866230,120.4
2020,彩妆香水,面部彩妆,粉底液,羽西 Yue-sai,【21日0点开抢】羽西虫草粉底霜 玻色因养肤遮暇粉底液保湿服帖,578227298373,8756,1865119,213
2020,彩妆香水,面部彩妆,粉底液,美宝莲 Maybelline,屈臣氏美宝莲fitme柔雾粉底液油皮BB霜正品轻薄保湿遮瑕持久控油,610674321706,17959,1859559,103.5
2020,彩妆香水,面部彩妆,粉底液,名言堂 Hof,HOF色彩之源乘风破浪的姐姐白冰推荐粉底液遮瑕保湿持久干油皮,584613662774,20107,1852311,92.1
2020,彩妆香水,面部彩妆,粉底液,玫珂菲 Make Up For Ever,【百亿补贴】MAKEUPFOREVER玫珂菲全新清晰无痕粉底液 遮瑕高清,539744646603,4568,1817891,398
2020,彩妆香水,面部彩妆,粉底液,雅妃德 Avid,AVID雅妃德沁水粉底液干皮亲妈补水持久遮瑕水润奶油肌女学生平价,591578306870,25866,1814808,70.2
2020,彩妆香水,面部彩妆,粉底液,自然堂 Chando,自然堂冰肌粉底液滋润干皮亲妈不脱妆遮瑕持久轻薄无暇女学生正品,572742212206,15350,1773055,115.5
2020,彩妆香水,面部彩妆,粉底液,肌肤之钥 Cle de peau beaute,【11.1直播间专享】肌肤之钥CPB气垫 钻光精华气垫自然遮瑕,628818740892,2606,1772080,680
2020,彩妆香水,面部彩妆,粉底液,卡姿兰 Carslan,【直播】卡姿兰小夜猫昼夜锁妆粉底液遮瑕保湿持久养肤控油皮亲妈,612394007083,19106,1761975,92.2
2020,彩妆香水,面部彩妆,粉底液,Blank Me,Blank ME小黑盒气垫bb霜粉底霜,598920942367,7078,1754336,247.9
2020,彩妆香水,面部彩妆,粉底液,香奈儿 美妆 Chanel,【官方正品】CHANEL 香奈儿奢华精萃滋养粉底液 遮瑕养肤,629543146927,1525,1753750,1150
2020,彩妆香水,面部彩妆,粉底液,安美 Amy,安美粉底液干油皮亲妈水润保湿控油持久无暇不易脱妆遮瑕BB霜网红,543020006297,40390,1748809,43.3
2020,彩妆香水,面部彩妆,粉底液,Physicians Formula,physiciansformula pf元气舒缓健康粉底液30ml,602824788697,13147,1741366,132.5
2020,彩妆香水,面部彩妆,粉底液,果壳,果壳奢养精华气垫粉底液控油遮瑕保湿提亮肤色持久不脱妆,600343549603,10901,1738509,159.5
2020,彩妆香水,面部彩妆,粉底液,蜜丝佛陀 Maxfactor,【99预售】烟酰胺粉底液膏控油保湿遮瑕防晒雾感裸妆不易脱妆,578091708248,25275,1736212,68.7
2020,彩妆香水,面部彩妆,粉底液,TOM MARK/唐魅可,tommark 遮瑕粉底液持妆保湿bb霜抗氧化防水防汗油皮女学生,622928850439,16377,1735243,106
2020,彩妆香水,面部彩妆,粉底液,红地球 Red Earth,日本进口red earth红地球养肤粉底液遮瑕保湿持久官网平价正品,628696736856,12500,1725000,138
2020,彩妆香水,面部彩妆,粉底液,ZELENS,ZELENS青春养肤粉底液水光肌遮瑕保湿持久水润干皮亲妈正品Youth,586250232122,5179,1724902,333.1
2020,彩妆香水,面部彩妆,粉底液,美宝莲 Maybelline,美宝莲fitme粉底液遮瑕保湿持久控油皮哑光李佳琦推荐官方旗舰店,570855441167,18703,1716834,91.8
2020,彩妆香水,面部彩妆,粉底液,PT,铂金翻盖小蘑菇头气垫美颜CC霜粉底液霜膏保湿遮瑕持久裸妆提亮,573129444112,35818,1703018,47.5
2020,彩妆香水,面部彩妆,粉底液,珂芙缦 Covermark,日本Covermark傲丽进口中草粉底bb霜素颜保湿隔离粉霜遮瑕30g,586656520937,4345,1690116,389
2020,彩妆香水,面部彩妆,粉底液,卡姿兰 Carslan,卡姿兰粉底液遮瑕保湿持久油皮控油李佳琦推荐养肤学生平价bb霜膏,609238651963,18121,1689404,93.2
2020,彩妆香水,面部彩妆,粉底液,花西子 Florasis,花西子养肤底妆套装/妆前乳粉底液组合持久底妆初学者淡妆系列,628208250085,4104,1676016,408.4
2020,彩妆香水,面部彩妆,粉底液,肌琳莎,肌琳莎粉底液持久保湿控油遮暇奶油肌bb霜,615432423980,83737,1673648,20
2020,彩妆香水,面部彩妆,粉底液,Blank Me,【双旦礼遇】Blank ME小银盒气垫bb霜粉底霜 持久不脱妆混油皮,630621037439,8365,1664635,199
2020,彩妆香水,面部彩妆,粉底液,植妍芬,【植妍芬】玻尿酸补水保湿面霜水乳学生旗舰店正品护肤套装,615083679926,13851,1659699,119.8
2020,彩妆香水,面部彩妆,粉底液,芭比波朗 Bobbi Brown,BOBBI BROWN芭比波朗虫草气垫 干皮养肤 水光透亮保湿 倪妮同款,618980625569,3537,1649471,466.3
2020,彩妆香水,面部彩妆,粉底液,Blank Me,【雪梨粉丝节盛典】Blank ME小银盒带替换粉底霜混油皮专属雾面妆,622730749530,5000,1645000,329
2020,彩妆香水,面部彩妆,粉底液,ZFC,ZFC名师水感亲肤粉底膏 遮瑕膏控油不易脱妆粉底液保湿彩妆,555896237530,11292,1637137,145
2020,彩妆香水,面部彩妆,粉底液,INTEGRATE,日本资生堂INTEGRATE完美意境粉底霜持久控油遮瑕,627095504192,15000,1625000,108.3
2020,彩妆香水,面部彩妆,粉底液,兰蔻 Lancome,兰蔻持妆无瑕粉妆条 粉底棒 持久遮瑕 自然磨皮不卡粉,573434218457,4255,1616900,380
2020,彩妆香水,面部彩妆,粉底液,露华浓 Revlon,露华浓粉底液24小时持久遮瑕保湿控油干皮油皮奶油肌BB霜水润养肤,614941633291,17142,1611808,94
2020,彩妆香水,面部彩妆,粉底液,韩格,网红奶油肌琳莎粉底液遮瑕保湿持久控油bb霜学生平价正品抖音同款,617513552814,56535,1610028,28.5
2020,彩妆香水,面部彩妆,粉底液,纪梵希 Givenchy,【直播专享】纪梵希高定恒颜持妆粉底液 贴心粉底液 遮瑕水润自然,604055323502,3606,1604670,445
2020,彩妆香水,面部彩妆,粉底液,缇尔泊丽 Charlotte Tilbury,CharlotteTilbury CT轻盈无瑕粉底液 美白遮瑕裸妆持久不脱妆,601083907102,4189,1599690,381.9
2020,彩妆香水,面部彩妆,粉底液,W.Lab,wlab超模粉底液W.Lab遮瑕保湿持久控油BB霜w官方旗舰店干油皮双11,624248966394,20619,1593726,77.3
2020,彩妆香水,面部彩妆,粉底液,three,THREE凝光水粉霜30ml 素肌陶瓷粉底液干油皮控油遮瑕保湿持久正品,572572138103,3610,1581803,438.2
2020,彩妆香水,面部彩妆,粉底液,韩熙贞 Hexze,韩熙贞小金钻001粉底液女遮瑕强保湿控油持久裸妆bb霜学生平价,577934435200,31444,1576994,50.2
2020,彩妆香水,面部彩妆,粉底液,BH,2瓶|粉底液遮瑕控油保湿持久干皮女学生平价bb霜油皮李佳琦推荐,603601128872,30469,1574242,51.7
2020,彩妆香水,面部彩妆,粉底液,ZELENS,李佳琦 ZELENS青春养肤粉底液持久保湿干皮亲妈遮瑕水光肌,611010052679,5589,1567288,280.4
2020,彩妆香水,面部彩妆,粉底液,乔治阿玛尼 Armani Beauty,【10.21提前加购】阿玛尼樱花粉气垫精华粉底液保湿提亮不脱妆,574094916195,2819,1567220,555.9
2020,彩妆香水,面部彩妆,粉底液,乔治阿玛尼 Armani Beauty,【正品】Armani/阿玛尼红气垫精华粉底液持久粉芯替换装,612465676000,4118,1564840,380
2020,彩妆香水,面部彩妆,粉底液,Pat Mcgrath Labs,pat mcgrath labsPAT SP持妆粉底液 遮瑕保湿持妆控油自然奶油肌,610037468565,2694,1528574,567.4
2020,彩妆香水,面部彩妆,粉底液,烙色 Lac,LAC烙色丝润高定粉底液遮瑕保湿控油持妆提亮养肤不易脱妆,619798260346,27823,1499000,53.9
2020,彩妆香水,面部彩妆,粉底液,植村秀 Shu-uemura,植村秀小灯泡塑颜光感粉底液自然上妆微光裸妆遮瑕官方正品,528472336350,5993,1491780,248.9
2020,彩妆香水,面部彩妆,粉底液,伊露莹,【限时优惠 第二件0元 拍2件】ERUYN 幻彩水润遮瑕隔离霜裸妆自然,610904534444,20989,1479888,70.5
2020,彩妆香水,面部彩妆,粉底液,珂拉琪 Color Key,colorkey珂拉琪光采持妆粉底液遮瑕保湿持久控油裸妆油干皮亲妈,618490434139,23696,1472576,62.1
2020,彩妆香水,面部彩妆,粉底液,宝拉珍选 Paula's Choice,【预售】宝拉珍选清透修色隔离粉底液SPF30控油清爽物理防晒隔离,609503480367,7207,1469706,203.9
2020,彩妆香水,面部彩妆,粉底液,Blank Me,【雪梨粉丝节盛典】Blank ME小黑盒带替换粉底霜干皮混干奶油肌,623010022356,4454,1465366,329
2020,彩妆香水,面部彩妆,粉底液,美宝莲 Maybelline,美宝莲粉底液superstay巨持妆遮瑕保湿持久控油李佳琦推荐旗舰店,618015532080,10640,1460420,137.3
2020,彩妆香水,面部彩妆,粉底液,植村秀 Shu-uemura,【直播专属】植村秀小方瓶羽纱持妆粉底液35ml 控油自然遮瑕O,617689096343,3560,1459600,410
2020,彩妆香水,面部彩妆,粉底液,魅可 M.a.c,【官方正品】MAC/魅可定制水漾轻盈粉底液滴管保湿持久不易脱妆,546683600984,3816,1450080,380
2020,彩妆香水,面部彩妆,粉底液,Blank Me,Blank ME小银盒气垫粉底霜4合1套装带替换混油皮亲妈,617622013808,4284,1449856,338.4
2020,彩妆香水,面部彩妆,粉底液,珂拉琪 Color Key,colorkey珂拉琪养肤蛋蛋粉底液遮瑕干油皮bb霜奶油肌正品,615631736407,13272,1441536,108.6
2020,彩妆香水,面部彩妆,粉底液,玛丽黛佳 Marie Dalgar,玛丽黛佳九色肌有底气粉底液遮瑕保湿持久油皮控油不易脱色,596729608989,10497,1438213,137
2020,彩妆香水,面部彩妆,粉底液,阿妮 Anu,【新品上市】ANU阿奴养肤精萃持妆粉底液提亮遮瑕清爽型不脱妆,619321634144,10405,1418651,136.3
2020,彩妆香水,面部彩妆,粉底液,兰蔻 Lancome,Lancome/兰蔻新持妆粉底液PO-01,612297323579,4752,1414858,297.7
2020,彩妆香水,面部彩妆,粉底液,INTEGRATE,资生堂 INTEGRATE 完美意境保湿粉底霜 25g 二色可选,604768204136,15398,1408145,91.4
2020,彩妆香水,面部彩妆,粉底液,珀莱雅 Proya,珀莱雅粉底液遮瑕保湿持久干皮油皮亲妈李佳琦推荐官方旗舰店正品,597523420014,19605,1403454,71.6
2020,彩妆香水,面部彩妆,粉底液,珂芙缦 Covermark,Covermark傲丽进口中草药膏粉底霜遮瑕粉底霜保湿防晒提亮 30g,603267347153,3685,1399990,379.9
2020,彩妆香水,面部彩妆,粉底液,泰芮 By Terry,BY TERRY/泰芮官方正品天鹅绒控油保湿持久遮瑕粉底液奶油肌35ml,601963799765,3494,1390193,397.9
2020,彩妆香水,面部彩妆,粉底液,美宝莲 Maybelline,美宝莲官方旗舰店fitme粉底液干皮救星遮瑕滋润,634861606467,10000,1390000,139
2020,彩妆香水,面部彩妆,粉底液,毛戈平 Maogeping,毛戈平奢华鱼子无瑕气垫粉底液8g女  遮瑕裸妆保湿底妆化妆师专用,571551537940,6808,1377664,202.4
2020,彩妆香水,面部彩妆,粉底液,爱敬 爱纪二十之 Aekyung Age 20's,爱敬气垫bb霜提亮遮瑕韩国age20s官方正品保湿控油全能粉底旗舰店,617836006661,10345,1376228,133
2020,彩妆香水,面部彩妆,粉底液,肌琳莎,肌琳莎粉底液遮瑕保湿持久水润自然控油轻薄透气BB霜女,616662606542,139006,1376159,9.9
2020,彩妆香水,面部彩妆,粉底液,美宝莲 Maybelline,美宝莲fitme粉底液遮瑕保湿控油持久fit me李佳琦推荐油皮旗舰店,575616899889,14111,1374477,97.4
2020,彩妆香水,面部彩妆,粉底液,妙巴黎 Bourjois,BOURJOIS妙巴黎官方正品果然矿物粉底液水润轻薄遮盖瑕疵,564793838558,11204,1371528,122.4
2020,彩妆香水,面部彩妆,粉底液,乔治阿玛尼 Armani Beauty,【直播专属】Armani/阿玛尼大师造型紧颜粉底液轻薄持妆遮瑕*,616677462919,2177,1371510,630
2020,彩妆香水,面部彩妆,粉底液,完美日记 Perfect Diary,完美日记小黑盖粉底液保湿遮瑕控油持久bb霜膏女学生平价正品,589805375443,23727,1370421,57.8
2020,彩妆香水,面部彩妆,粉底液,vnk,vnk云朵粉霜持久遮瑕保湿粉底液修饰提亮肤色妆乳油皮粉底霜正品,611247093832,13881,1338703,96.4
2020,彩妆香水,面部彩妆,粉底液,露华浓 Revlon,露华浓粉底液美国Revlon女保湿遮瑕BB霜24小时持久美白官方旗舰店,570450584773,21760,1322760,60.8
2020,彩妆香水,面部彩妆,粉底液,卡姿兰 Carslan,[预售]卡姿兰粉底液遮瑕保湿持久控油不易脱妆干油皮亲妈,628786611594,15360,1315924,85.7
2020,彩妆香水,面部彩妆,粉底液,INTEGRATE,日本Shiseido资生堂完美意境粉底液霜奶油肌持久遮瑕提亮轻薄隔离,613998650418,16519,1307119,79.1
2020,彩妆香水,面部彩妆,粉底液,兰蔻 Lancome,【直播专享】兰蔻菁纯臻颜精华粉底液30ml遮瑕防晒保湿BB霜W,530385187127,1416,1302720,920
2020,彩妆香水,面部彩妆,粉底液,圣罗兰 Yves Saint Laurent（ysl）,正品 YSL圣罗兰恒颜无瑕轻垫粉底液 银气垫持久遮瑕,617215695669,2550,1300500,510
2020,彩妆香水,面部彩妆,粉底液,资生堂 Shiseido,日本Shiseido资生堂完美意境粉底液霜奶油肌持久遮瑕提亮轻薄隔离,574441718366,15889,1293213,81.4
2020,彩妆香水,面部彩妆,粉底液,乔治阿玛尼 Armani Beauty,ARMANI/阿玛尼黑气垫权力粉底霜遮瑕不脱妆持久油皮,624736954248,1936,1277760,660
2020,彩妆香水,面部彩妆,粉底液,美康粉黛,美康粉黛鸣艳养肤粉底乳套装A29,617294010408,4986,1274683,255.7
2020,彩妆香水,面部彩妆,粉底液,雅诗兰黛 Estee Lauder,【新品】雅诗兰黛DW持妆柔雾气垫 遮瑕防晒 控油持久 清透贴肤,622359600864,3034,1274280,420
2020,彩妆香水,面部彩妆,粉底液,肌琳莎,【活动中】    遮瑕奶油肌粉底液,616914779960,28908,1268531,43.9
2020,彩妆香水,面部彩妆,粉底液,兰蔻 Lancome,【双11抢购】兰蔻净澈透亮粉底液水润持妆提亮肤色官方正品,629258374266,2570,1259300,490
2020,彩妆香水,面部彩妆,粉底液,肌肤之钥 Cle de peau beaute,【狂欢最后1小时】肌肤之钥CPB粉霜 晶钻润耀粉霜粉底液贵妇粉底,617731975383,545,1253500,2300
2020,彩妆香水,面部彩妆,粉底液,至颜之冠 Keycrown,keycrown/至颜之冠赋元养肤小金冠粉底液保湿遮瑕自然裸妆奶油肌,614820252728,6546,1251246,191.1
2020,彩妆香水,面部彩妆,粉底液,真绣文 Sammi,sammi第二支10元 香港发货 美丽容颜粉底液 遮瑕保湿,607117915013,5469,1250923,228.7
2020,彩妆香水,面部彩妆,粉底液,玛丽黛佳 Marie Dalgar,玛丽黛佳小蘑菇头气垫cc霜正品遮瑕保湿持久补水bb霜粉底液旗舰店,546630859930,11670,1248420,107
2020,彩妆香水,面部彩妆,粉底液,香奈儿 美妆 Chanel,【官方正品】CHANEL 香奈儿泡泡水粉底 水感清透 无瑕妆效,594910135223,1716,1235520,720
2020,彩妆香水,面部彩妆,粉底液,真绣文 Sammi,【品牌日】Sammi 美丽容颜粉底液 遮瑕保湿 华丽隐形隔离霜,622385401250,1668,1234153,739.9
2020,彩妆香水,面部彩妆,粉底液,雅诗兰黛 Estee Lauder,雅诗兰黛 白金级养肤粉底液 神仙粉底光感细腻 服帖遮瑕,540819866801,1324,1206840,911.5
2020,彩妆香水,面部彩妆,粉底液,泰芮 By Terry,【专享】BY TERRY/泰芮天鹅绒控油保湿持久遮瑕粉底液奶油肌,614132813242,3017,1206287,399.8
2020,彩妆香水,面部彩妆,粉底液,泰芮 By Terry,【推荐】BY TERRY/泰芮官方正品天鹅绒控油遮瑕粉底液奶油肌35ml,625188106840,2659,1196550,450
2020,彩妆香水,面部彩妆,粉底液,妙巴黎 Bourjois,法国妙巴黎粉底液果疗果然奶油肌遮瑕持久保湿干皮官方旗舰店官网,596502902204,21682,1184808,54.6
2020,彩妆香水,面部彩妆,粉底液,乔治阿玛尼 Armani Beauty,【10.21提前加购】阿玛尼柔亮自然粉底液细腻轻薄奶油肌自然,562194331925,2019,1172760,580.9
2020,彩妆香水,面部彩妆,粉底液,薇诺娜 Winona,【新品】薇诺娜安心舒缓保湿精华粉底液30ml 干敏感肌本命粉底液,625614638135,6495,1162329,179
2020,彩妆香水,面部彩妆,粉底液,CROXX,croxx云梦轻雾粉底液霜保湿遮瑕自然裸妆持久控油提亮肤色不脱妆,578511967322,12859,1159109,90.1
2020,彩妆香水,面部彩妆,粉底液,蜜丝佛陀 Maxfactor,蜜丝佛陀三合一粉底液膏妆前乳隔离防晒持久遮瑕裸妆轻薄保湿正品,44245002617,6740,1157867,171.8
2020,彩妆香水,面部彩妆,粉底液,完美日记 Perfect Diary,【主播力荐 】完美日记磨皮小金盖粉底液持久遮瑕控油,600859352930,11505,1156168,100.5
2020,彩妆香水,面部彩妆,粉底液,妙巴黎 Bourjois,法国包邮bourjois妙巴黎粉底液果然果疗粉底霜保湿持久遮瑕美白,556718288660,21341,1155893,54.2
2020,彩妆香水,面部彩妆,粉底液,娇韵诗 Clarins,娇韵诗轻润无瑕气垫粉底持久不脱妆遮瑕水润熬夜,582528473792,4119,1153320,280
2020,彩妆香水,面部彩妆,粉底液,乔治阿玛尼 Armani Beauty,【官方正品】Armani阿玛尼红气垫菁华粉底液遮瑕保湿持妆控油丝光,623735072543,1827,1151010,630
2020,彩妆香水,面部彩妆,粉底液,蜜丝婷（美诗婷） Mistine,泰国Mistine24小时粉底液密斯婷bb霜控油保湿持久遮瑕油皮 蜜思婷,586606717591,28309,1135231,40.1
2020,彩妆香水,面部彩妆,粉底液,L.A.GIRL,L.A. GIRL洛杉矶女孩粉底液保湿遮瑕控油裸妆la lagirl女学生平价,570205162010,19053,1134585,59.5
2020,彩妆香水,面部彩妆,粉底液,欧莱雅 L'oreal,欧莱雅彩妆复颜提拉紧肤精华粉底液遮瑕BB霜女提亮肤色30ml,563422593629,5026,1130019,224.8
2020,彩妆香水,面部彩妆,粉底液,高姿 Cogi,高姿粉底液遮瑕保湿女学生干皮亲妈水润养肤控油皮平价底妆正品,604432455343,15068,1118992,74.3
2020,彩妆香水,面部彩妆,粉底液,纪梵希 Givenchy,【官方正品】GIVENCHY纪梵希恒颜清透粉底液 柔焦美颜 透亮 遮瑕,563530560832,2359,1108730,470
2020,彩妆香水,面部彩妆,粉底液,凯朵 Kate,KATE/凯朵隐形美肌蜜粉底液油皮保湿遮瑕,623658191376,14192,1096768,77.3
2020,彩妆香水,面部彩妆,粉底液,蜜丝佛陀 Maxfactor,美国MaxFactor蜜丝佛陀进口水漾触感粉底霜粉底液膏保湿遮瑕,557064701938,15483,1093843,70.6
2020,彩妆香水,面部彩妆,粉底液,潮盛雅22 Ver.22 Chosungah,chosungah/潮盛雅22蜂蜜精华扭一扭水光肌粉底液保湿遮瑕提亮颜霜,567641823534,3814,1084299,284.3
2020,彩妆香水,面部彩妆,粉底液,玛丽黛佳 Marie Dalgar,玛丽黛佳小蘑菇头气垫bb霜粉底液cc美颜遮瑕保湿旗舰店李佳琪推荐,547711153391,10136,1081165,106.7
2020,彩妆香水,面部彩妆,粉底液,卡特莲 Katelyn,粉底液遮瑕保湿持久控油奶油肌巨霜干皮亲妈油皮遮盖斑点强膏调色,616084021472,8151,1079747,132.5
2020,彩妆香水,面部彩妆,粉底液,欧莱雅 L'oreal,欧莱雅奇焕光采粉底液女遮瑕不卡纹保湿水润提亮肤色持久自然30ml,582243930916,4729,1068130,225.9
2020,彩妆香水,面部彩妆,粉底液,梵贞 Venzen,【活动中】强遮暇奶油肌粉底液1,610453146478,37414,1067016,28.5
2020,彩妆香水,面部彩妆,粉底液,珀兰娜 Planner,珀兰娜PLANNER绘画粉底液妆前乳套装水润遮瑕持妆平价不脱妆干皮,609366424743,8767,1065468,121.5
2020,彩妆香水,面部彩妆,粉底液,纽西之谜 Geoskincare,纽西之谜粉底液 持妆轻薄自然服帖滋润出水保湿持久干皮养肤控油,626236966627,10851,1056530,97.4
2020,彩妆香水,面部彩妆,粉底液,珂莱欧 Clio,[双11抢购]CLIO珂莱欧遮瑕小金盖气垫粉底液四代升级持妆气垫,628955239064,6362,1051686,165.3
2020,彩妆香水,面部彩妆,粉底液,慕斯女孩 Moxie Girlz,【活动中】 Moxie Girlz 遮瑕奶油肌粉底液2,613538390750,10406,1039279,99.9
2020,彩妆香水,面部彩妆,粉底液,娇韵诗 Clarins,娇韵诗缎光水漾精华粉底液长效遮瑕保湿亮肤不脱妆轻,610070619674,2732,1038160,380
2020,彩妆香水,面部彩妆,粉底液,酵色 Joocyee,JC/Joocyee酵色雾茶粉底液细腻奶茶油皮学生平价遮瑕保湿持久控油,617917436262,12028,1031888,85.8
2020,彩妆香水,面部彩妆,粉底液,蝶翠诗 Dhc,DHC紧致焕肤浓密滋润粉底液SPF25PA++ 40g 保湿型遮盖暗沉提亮,42141086789,6036,1031542,170.9
2020,彩妆香水,面部彩妆,粉底液,纪梵希 Givenchy,【官方正品】GIVENCHY纪梵希高定恒颜持妆粉底液贴心粉底 24h持妆,601135723237,2316,1030620,445
2020,彩妆香水,面部彩妆,粉底液,薇蒂艾儿 Vdl,vdl粉底液遮瑕保湿持久vdl旗舰店官方旗舰韩国粉底液,553222594789,5391,1030238,191.1
2020,彩妆香水,面部彩妆,粉底液,安美 Amy,安美蘑菇气垫CC霜持久控油保湿粉底液膏女遮瑕bb霜网红化妆品,579582676009,13825,1029708,74.5
2020,彩妆香水,面部彩妆,粉底液,兰蔻 Lancome,【今日自播爆款】兰蔻新持妆轻透粉底液30ml 隔离轻薄 遮瑕持久,607670974752,2451,1029420,420
2020,彩妆香水,面部彩妆,粉底液,肌琳莎,【活动中】    遮瑕奶油肌粉底液,616120380023,34039,1017766,29.9
2020,彩妆香水,面部彩妆,粉底液,蜜丝婷（美诗婷） Mistine,【重磅新品】泰国Mistine小蓝盾粉底液 养肤控油遮瑕保湿持久学生,620311590536,12378,1014039,81.9
2020,彩妆香水,面部彩妆,粉底液,Physicians Formula,PF粉底液养肤健康遮瑕控油保湿持久干皮油皮学生平价官方旗舰官网,624824798528,9339,1006747,107.8
2020,彩妆香水,面部彩妆,粉底液,迪奥 美妆 Dior,【官方正品】Dior迪奥花秘瑰萃精华粉底液 玫瑰养肤遮瑕保湿焕亮,619132095939,1005,1005000,1000
2020,彩妆香水,面部彩妆,粉底液,秘姿 Secret Age,韩国秘密时代粉底液三代控油遮瑕保湿持久24小时养肤油皮粉底霜膏,606284528411,5499,993724,180.7
2020,彩妆香水,面部彩妆,粉底液,卡姿兰 Carslan,卡姿兰大咖粉底液干皮养肤遮瑕霜奶油肌保湿控油持久轻润学生正品,579270338595,7324,993401,135.6
2020,彩妆香水,面部彩妆,粉底液,诗佩妮 Spenny,Spenny/诗佩妮粉底液干油皮裸妆遮瑕保湿持久控油 奶油肌底霜平价,613194694809,15525,993326,64
2020,彩妆香水,面部彩妆,粉底液,乔治阿玛尼 Armani Beauty,【官方正品】阿玛尼造型紧颜粉底液大师粉底液紧致持久保湿,563661450486,1568,987840,630
2020,彩妆香水,面部彩妆,粉底液,bareMinerals,bareMinerals贝茗无瑕轻薄矿物养肤粉底液女控油保湿遮瑕持久祼妆,598629672492,4331,986763,227.8
2020,彩妆香水,面部彩妆,粉底液,RMK,RMK水凝柔光粉霜30g 盈润粉底霜保湿控油轻薄持妆奶油肌光泽遮瑕,600425454448,2385,985525,413.2
2020,彩妆香水,面部彩妆,粉底液,RMK,RMK【直营】RMK水凝光采粉底霜30g 实力遮瑕 活润光泽,619398358202,3375,977193,289.5
2020,彩妆香水,面部彩妆,粉底液,YES!IC,yesic粉霜元气无瑕粉底霜养肤小奶罐控油持久遮瑕粉底液,616634715376,5973,972254,162.8
2020,彩妆香水,面部彩妆,粉底液,魅可 M.a.c,【双11加购】MAC/魅可焕采无瑕粉底液遮瑕保湿养肤持久控油,625530738461,3240,972000,300
2020,彩妆香水,面部彩妆,粉底液,悠宜 Unny Club,韩国UNNY官方旗舰粉底液遮瑕沁润油皮不易脱妆学生平价正品进口,597865016633,13019,968425,74.4
2020,彩妆香水,面部彩妆,粉底液,珂芙缦 Covermark,【直营】日本Covermark进口修护粉底霜修饰肤色软管 3色可选20g,562488309772,3542,966057,272.7
2020,彩妆香水,面部彩妆,粉底液,蜜丝婷（美诗婷） Mistine,泰国mistine粉底液24小时BB霜遮瑕保湿控油持久干油皮蜜丝婷正品,600132385802,25242,961561,38.1
2020,彩妆香水,面部彩妆,粉底液,肌琳莎,肌琳莎粉底液遮瑕保湿持久水润自然控油轻薄透气隐形毛孔BB霜女,607905315248,46607,957389,20.5
2020,彩妆香水,面部彩妆,粉底液,ZELENS,ZELENS钻石养肤奶油肌粉底液干皮亲妈24小时遮瑕保湿持久控油age#,620008761842,3301,948016,287.2
2020,彩妆香水,面部彩妆,粉底液,W.Lab,wlab超模粉底液w.lab遮瑕保湿持久控油BB霜干油皮亲妈dw平价学生w,624819875874,11865,937255,79
2020,彩妆香水,面部彩妆,粉底液,乔治阿玛尼 Armani Beauty,【618礼遇】Armani/阿玛尼红气垫精华粉底液遮瑕持久防晒轻薄,563593925937,1486,936180,630
2020,彩妆香水,面部彩妆,粉底液,兰蔻 Lancome,Lancome/兰蔻菁纯精华气垫霜隔离持久遮瑕保湿提亮粉底液,617456220542,1811,934446,516
2020,彩妆香水,面部彩妆,粉底液,悦芙媞 Hapsode,悦芙媞粉底液女遮瑕隔离保湿控油持久cc学生平价粉底液不脱妆正品,604096762205,14455,933751,64.6
2020,彩妆香水,面部彩妆,粉底液,珂芙缦 Covermark,【COVERMARK礼金】傲丽中草粉底霜试色包持久不脱妆防晒遮瑕礼包,622241714225,10251,922590,90
2020,彩妆香水,面部彩妆,粉底液,欧丽源 Oilyoung,欧丽源夏日细闪霜身体高光霜星钻隐形丝袜霜腿部遮瑕美腿,617835110246,30269,920152,30.4
2020,彩妆香水,面部彩妆,粉底液,玫珂菲 Make Up For Ever,【直营】法国MAKE UP FOR EVER玫珂菲进口全新清晰无痕粉底液30ml,557163471387,3312,916373,276.7
2020,彩妆香水,面部彩妆,粉底液,Thea Philo,缇娅菲洛虫草粉底液保湿水润遮瑕提亮滋养修护虫草养肤菁华粉底液,628765318359,7667,910810,118.8
2020,彩妆香水,面部彩妆,粉底液,谜尚 Missha,谜尚气垫bb霜持久遮瑕保湿防晒隔离cc霜控油不脱妆粉底液学生平价,572069541515,10237,905968,88.5
2020,彩妆香水,面部彩妆,粉底液,珂芙缦 Covermark,COVERMARK珂芙缦修护粉底霜30g日本傲丽中草药粉底液持久遮瑕干皮,605312794152,1982,901810,455
2020,彩妆香水,面部彩妆,粉底液,ZFC,ZFC名师系列 润颜无痕粉底液 保湿滋润肌肤 裸妆遮瑕强,525883544349,5354,901727,168.4
2020,彩妆香水,面部彩妆,粉底液,肌肤之钥 Cle de peau beaute,【官方正品】肌肤之钥CPB粉霜 润耀粉霜养肤贵妇粉霜遮瑕,629455134519,391,899300,2300
2020,彩妆香水,面部彩妆,粉底液,魅可 M.a.c,【双11现金礼券】MAC魅可底妆随行2件体验装+双11 50元回购券,626831296324,60207,897084,14.9
2020,彩妆香水,面部彩妆,粉底液,海蓝之谜 Lamer,LA MER海蓝之谜鎏光焕变气垫粉底液 限量版,616815832860,874,892950,1021.7
2020,彩妆香水,面部彩妆,粉底液,肌肤之钥 Cle de peau beaute,CPB/肌肤之钥肌肤之钥CPB光缎粉底霜粉底液钻光遮瑕持久保湿,587160359734,1285,892481,694.5
2020,彩妆香水,面部彩妆,粉底液,嘉利玛 Galimard,嘉利玛虾青素粉底液膏遮瑕BB霜控油保湿持久抗暗沉养肤油皮亲妈,626710652952,10597,890143,84
2020,彩妆香水,面部彩妆,粉底液,法拉塔,【祖艾妈推荐】FALATA 法拉塔玻尿酸轻柔粉底液 遮瑕保湿持久控油,611371301967,4454,881172,197.8
2020,彩妆香水,面部彩妆,粉底液,嘉娜宝 Kanebo,Kanebo/嘉娜宝SENSAI丝光溢彩柔润粉底霜粉底液 持久遮瑕修颜保湿,600399154133,1305,880853,675
2020,彩妆香水,面部彩妆,粉底液,Addiction,ADDICTION晴瘾防晒粉底液30ml水润SPF50轻薄遮瑕,560579547545,3554,874781,246.1
2020,彩妆香水,面部彩妆,粉底液,艾诺碧 Iope,iope气垫bb霜女遮瑕lope美白保湿CC韩国ipoe艾诺碧亦博旗舰店官网,537873542772,5360,872138,162.7
2020,彩妆香水,面部彩妆,粉底液,橘朵 Judydoll,Judydoll橘朵底妆礼盒妆前乳粉底液自然官方旗舰遮瑕保湿控油持久,622352240175,7259,869850,119.8
2020,彩妆香水,面部彩妆,粉底液,雅蔻 Artdeco,【蓝盈莹同款】ARTDECO雅蔻粉底液霜德国小奶瓶持久滋润奶油肌,591683282352,3955,866429,219.1
2020,彩妆香水,面部彩妆,粉底液,兰蔻 Lancome,兰蔻持妆粉底液+气垫CC壳 持久高遮瑕自然妆感,575061667253,1573,865600,550.3
2020,彩妆香水,面部彩妆,粉底液,欧莱雅 L'oreal,【预售】欧莱雅吸油棒油皮亲妈24小时控油粉底液持久遮瑕,564169401638,6574,862341,131.2
2020,彩妆香水,面部彩妆,粉底液,蜜丝婷（美诗婷） Mistine,【套组】Mistine蜜丝婷泰国24小时粉底液2支装控油遮瑕保湿持久,590768745785,8443,858068,101.6
2020,彩妆香水,面部彩妆,粉底液,乔治阿玛尼 Armani Beauty,Armani/阿玛尼大师造型紧颜粉底液 轻薄持妆遮瑕*,624980475194,1350,850500,630
2020,彩妆香水,面部彩妆,粉底液,Amplitude,Amplitude/AMP清颜粉底液30ml 加享妆前乳15g (3g*5支）,623213232373,1272,847751,666.5
2020,彩妆香水,面部彩妆,粉底液,女优肌 Madre:x,日本Ex:beaute女优肌视觉系高清遮瑕妆容持久滋润粉底液30g,556334734003,7114,840399,118.1
2020,彩妆香水,面部彩妆,粉底液,卡姿兰 Carslan,卡姿兰微雾光持妆特雾粉底液混油皮亲妈非bb霜保湿遮瑕持久不脱妆,590765878414,6307,839007,133
2020,彩妆香水,面部彩妆,粉底液,迪奥 美妆 Dior,Dior/迪奥 凝脂恒久钻肌粉底液 30ml #0N #1N #1CR,618482058327,1950,838570,430
2020,彩妆香水,面部彩妆,粉底液,红地球 Red Earth,日本进口redearth红地球养肤粉底液草本精华持久遮瑕轻薄裸妆正品,621204457454,5587,838326,150
2020,彩妆香水,面部彩妆,粉底液,芭贝拉 Babrea,芭贝拉粉霜粉底液奶油肌巴贝拉babrea遮瑕保湿持久控油旗舰店正品,616164093869,7644,831172,108.7
2020,彩妆香水,面部彩妆,粉底液,麻美 Mamew,日本MAMEW麻美 保湿精华不脱妆养肤粉底液30ml持妆遮瑕油干皮油皮,602268018610,3057,829164,271.2
2020,彩妆香水,面部彩妆,粉底液,Blank Me,Blank ME智能柔光粉底液 持久持妆水油平衡,629219883551,2578,822520,319.1
2020,彩妆香水,面部彩妆,粉底液,毛戈平 Maogeping,毛戈平故宫IP鎏金焕颜气垫粉底液BB霜遮瑕隔离持妆官方正品,602757408677,2449,820811,335.2
2020,彩妆香水,面部彩妆,粉底液,娜斯 Nars,【官方正品】NARS 轻透亮采粉底液轻薄自然保湿遮瑕不易脱妆,570970288482,1674,820260,490
2020,彩妆香水,面部彩妆,粉底液,蝶莲娜 Delena,蝶莲娜黑盖粉底液 宋轶小红书推荐持妆控油不卡粉遮瑕美颜保湿,620345471556,16697,818153,49
2020,彩妆香水,面部彩妆,粉底液,卡姿兰 Carslan,卡姿兰粉底液遮瑕保湿持久控油bb霜油皮干皮亲妈奶油肌李佳琦推荐,626282498632,9525,810830,85.1
2020,彩妆香水,面部彩妆,粉底液,OAC,OAC小灯泡粉底液遮瑕保湿持久控油养肤干皮油皮女学生平价奶油肌,601288917868,11710,810731,69.2
2020,彩妆香水,面部彩妆,粉底液,韩婵,网红cc棒水光亮肤保湿遮瑕bb霜持久光感气垫粉底液款化妆女,594562185909,57302,808875,14.1
2020,彩妆香水,面部彩妆,粉底液,珀莱雅 Proya,珀莱雅粉底液遮瑕保湿持久控油水润养肤干油皮泊莱雅官方旗舰店官,616996715422,12504,808724,64.7
2020,彩妆香水,面部彩妆,粉底液,珂莱欧 Clio,CLIO珂莱欧魔镜二代气垫bb霜网红遮瑕持久控油粉底液,557605787280,6587,801315,121.7
2020,彩妆香水,面部彩妆,粉底液,COMO,COMO粉底液遮瑕保湿持久控油持久粉底液霜干皮油皮学生平价周也,602798272121,6538,801182,122.5
2020,彩妆香水,面部彩妆,粉底液,雅漾 Avene,雅漾 焕彩遮瑕粉底液30ml遮瑕自然清爽裸妆粉底液霜护肤品女正品,521214010223,3296,799227,242.5
2020,彩妆香水,面部彩妆,粉底液,Bell Defines Beauty,bell保湿粉底液遮瑕持久控油敏感肌油皮干皮养肤平价粉底BB霜波兰,614006186221,14053,797309,56.7
2020,彩妆香水,面部彩妆,粉底液,赫妍 Hera,韩国赫妍卓然粉底液 hera气垫bb霜 裸妆遮瑕保湿防晒持久 正品,563345513717,2644,796172,301.1
2020,彩妆香水,面部彩妆,粉底液,美宝莲 Maybelline,美宝莲fitme粉底液遮瑕暇小样控油李佳琦推荐油皮学生平价旗舰店,590578872769,34558,787569,22.8
2020,彩妆香水,面部彩妆,粉底液,蜜丝佛陀 Maxfactor,【94元/盒】蜜丝佛陀粉底霜2盒遮瑕液提亮防水BB霜控油保湿学生,44506391068,5789,786089,135.8
2020,彩妆香水,面部彩妆,粉底液,魅可 M.a.c,【官方正品】MAC/魅可定制无瑕粉底液遮瑕保湿持久控油通透,614027224330,2439,780480,320
2020,彩妆香水,面部彩妆,粉底液,珀莱雅 Proya,珀莱雅insbaha粉底液干皮亲妈持久水润保湿BB遮学生平价直播w,611503687713,11909,775457,65.1
2020,彩妆香水,面部彩妆,粉底液,彩棠 Timage,【双11预售】TIMAGE彩棠燕窝粉底液遮瑕保湿持久轻薄养肤混油混干,625029783575,4122,774936,188
2020,彩妆香水,面部彩妆,粉底液,诗馨语,诗馨语粉底液遮瑕斑点保湿持久控油混干皮bb霜水润裸妆学生平价女,606441075140,10240,774767,75.7
2020,彩妆香水,面部彩妆,粉底液,滋色 Zeesea,ZEESEA滋色轻薄水润粉底液女保湿遮瑕控油裸妆持久粉底膏bb霜,601687944351,18784,773792,41.2
2020,彩妆香水,面部彩妆,粉底液,欧莱雅 L'oreal,欧莱雅提拉紧肤积雪草精华粉底液遮瑕保湿持久沁水官方旗舰店正品,535643250710,5216,773408,148.3
2020,彩妆香水,面部彩妆,粉底液,欧珀莱 Aupres,【立即抢购】欧珀莱紧颜滋养粉底液精华紧致滋润轻薄遮瑕女,593656445424,3027,772442,255.2
2020,彩妆香水,面部彩妆,粉底液,香奈儿 美妆 Chanel,【官方正品】CHANEL 香奈儿柔光持妆粉底液 小磨方自然遮瑕,598842284735,1284,770400,600
2020,彩妆香水,面部彩妆,粉底液,玛丽黛佳 Marie Dalgar,【ZB】玛丽黛佳900目小蘑菇精华养肤粉底液霜膏气垫干皮保湿,618823655172,3917,769178,196.4
2020,彩妆香水,面部彩妆,粉底液,爱敬 爱纪二十之 Aekyung Age 20's,爱敬全能款气垫bb霜age20s官方旗舰店旗舰气垫遮瑕保湿持久不脱妆,582677421511,4816,765108,158.9
2020,彩妆香水,面部彩妆,粉底液,乔治阿玛尼 Armani Beauty,阿玛尼大师造型紧颜粉底液 干皮轻薄持妆遮瑕提亮,624816973667,1210,762300,630
2020,彩妆香水,面部彩妆,粉底液,爱敬 Aekyung,李希侃同款爱敬气垫bb霜遮瑕保湿持久控油旗舰店官方旗舰新款,628689078070,4914,758921,154.4
2020,彩妆香水,面部彩妆,粉底液,Y.N.M,ynm粉底液控油持久遮瑕保湿官方旗舰店学生平价虾青素干油皮霜膏,626334454615,7593,758082,99.8
2020,彩妆香水,面部彩妆,粉底液,欧莱雅 L'oreal,欧莱雅24小时粉底液控油哑光遮瑕保湿bb霜油皮亲妈官方旗舰店正品,565505533125,7019,756352,107.8
2020,彩妆香水,面部彩妆,粉底液,完美日记 Perfect Diary,【专用0点30分付尾款】完美日记双11小黑盖粉底液遮瑕液黑盖散粉,629792923649,5021,750027,149.4
2020,彩妆香水,面部彩妆,粉底液,科维曲 Couverturemp,科维曲小金瓶粉底液养肤遮瑕保湿持久控油油皮亲妈抗蓝光不脱妆,604092314709,9840,744782,75.7
2020,彩妆香水,面部彩妆,粉底液,卡姿兰 Carslan,意大利进口内料卡姿兰奢绒无痕黑金粉底液遮瑕保湿控油持久奶油肌,608876827597,2907,743683,255.8
2020,彩妆香水,面部彩妆,粉底液,透真,透真粉底液保湿遮瑕提亮独角兽bb霜膏女持久控油化妆师专用品cc霜,575981606721,9882,741422,75
2020,彩妆香水,面部彩妆,粉底液,Y.N.M,双11预售ynm粉底液控油持久遮瑕保湿官方旗舰店学生平价虾青素,627950249367,4243,740980,174.6
2020,彩妆香水,面部彩妆,粉底液,Fenty Beauty By Rihanna,FENTYBEAUTY蕾哈娜滤镜大师柔光美肌粉底液持妆,600913955134,2169,733122,338
2020,彩妆香水,面部彩妆,粉底液,CROXX,【新品】croxx银蚀孤品琉色持妆粉底液遮瑕控油保湿持久轻薄,609123915543,5706,732738,128.4
2020,彩妆香水,面部彩妆,粉底液,芭比波朗 Bobbi Brown,BOBBI BROWN芭比波朗清透持妆粉底液 控油持久遮瑕清爽保湿雾面,572743242990,1706,732140,429.2
2020,彩妆香水,面部彩妆,粉底液,初夏堂,【11月1日00:30-3日付尾款】初夏堂001粉底液2件套保湿滋润遮瑕,628108430780,4091,730604,178.6
2020,彩妆香水,面部彩妆,粉底液,VNC,vnc轻薄粉底液持久遮瑕水润保湿无暇干皮油皮控油bb霜女学生平价,600758749519,15303,727465,47.5
2020,彩妆香水,面部彩妆,粉底液,兰蔻 Lancome,兰蔻奇迹薄纱粉底液30ml 自然持久 隔离遮瑕,552715744475,1501,725390,483.3
2020,彩妆香水,面部彩妆,粉底液,梵贞 Venzen,【活动中】强遮暇奶油肌粉底液,604162217306,10377,725352,69.9
2020,彩妆香水,面部彩妆,粉底液,蝶莲娜 Delena,蝶莲娜黑盖粉底液 宋轶小红书推荐 持妆控油不卡粉遮瑕轻薄透气,622118842861,14788,724612,49
2020,彩妆香水,面部彩妆,粉底液,Clever Skin,CLEVERSKIN妙肤秀粉底液遮瑕保湿持久防水干皮水润轻薄奶油肌平价,619911731604,8225,723571,88
2020,彩妆香水,面部彩妆,粉底液,兰蔻 Lancome,【加入购物车】兰蔻新持妆气垫 新空气轻垫轻透粉底液 高遮瑕BB霜,598802130522,1606,722700,450
2020,彩妆香水,面部彩妆,粉底液,芭贝拉 Babrea,芭贝拉粉底液控油持久遮瑕轻薄保湿干皮油皮持妆巴贝拉官方旗舰店,630124054454,8003,716267,89.5
2020,彩妆香水,面部彩妆,粉底液,欧莱雅 L'oreal,欧莱雅吸油棒粉底液遮瑕持久控油哑光油皮亲妈35mlO,577846190976,5280,712800,135
2020,彩妆香水,面部彩妆,粉底液,名言堂 Hof,HOF色彩之源粉底液遮瑕保湿持久干皮油皮24小时养肤型奶油肌 bb霜,614736659361,7394,709633,96
2020,彩妆香水,面部彩妆,粉底液,兰蔻 Lancome,兰蔻菁纯臻颜精华粉底液30ml 养肤底妆遮瑕奶油肌自然服帖不脱妆,604505022781,770,708400,920
